createdAt;objectId;updatedAt;keel;nimetus;eluarisyndmus;identifikaator;kirjeldus;tegevusvaldkond;
1;15.06.2015;41954101-0b7f-4cf5-93fc-9fe0a63e6ae3;30.11.2015;et;Ajutiselt Eestis tegutsemisest teatamine;;TJA-008;LMS § 14 lg 4 - Ajutiselt võib Eestis lõhkematerjali tegevusloata kasutada isik, kellel on mõne teise Euroopa Majanduspiirkonna lepinguriigi väljastatud vastavasisuline tegevusluba.;Ohutus
2;15.06.2015;645ea266-441a-41a0-a7c1-07616e48a308;29.10.2015;et;Lõhkematerjalilao käitamisloa taotluse läbivaatamine;;TJA-010;Viiakse läbi kohapealne kontroll hinnates muuhulgas lao ja selles töötavate inimeste ja ladustatavate ohtlike ainete ohutuse ja julgeoleku tagamiseks rakendatavate abinõude piisavust.;Ohutus
3;15.06.2015;45c43ab9-0ffc-4ac0-891a-e272f3389260;30.11.2015;et;Väljaspool lõhkematerjaliladu lõhkematerjali hoidmise loa taotluse läbivaatamine;;TJA-011;Hinnatakse lõhkematerjali hoidmise korda ning kontrollitakse hoidla kirjeldust ja asukoha andmeid ning hoiustatava lõhkematerjali nimetusi ja kogust. Lisaks kontrollitakse ohutute kauguste määramist ja vajadusel tehakse kontrollarvutused.;Ohutus
4;15.06.2015;d859dfd0-7fd7-4c2d-8af0-f7eebd7681a6;30.11.2015;et;Enamohtliku lõhketöö loa taotluse läbivaatamine;;TJA-012; Kontrollitakse lõhketööde projekti nõuetekohasust ning tehakse ohuala ja ohutute laengute määramise kohta kontrollarvutused.;Ohutus
5;15.06.2015;cb53297e-285e-4ef0-93c8-4cc69fddf366;30.11.2015;et;Enamohtliku lõhketöö loa pikendamise taotluse läbivaatamine;;TJA-013;Kontrollitakse kas lõhketöö ohuala piirid ja lõhketöö tehnilised tingimused ei ole muutunud.;Ohutus
6;15.06.2015;af1ba940-beb7-4eb7-bad5-1587cbfbf293;29.10.2015;et;Lõhkematerjali sisseveo loa taotluse läbivaatamine;;TJA-014;Teavitame ja anname võimaluse Kaitsepolitseil ja Politsei- ja Piirivalveametil esitada oma arvamus taotluse kohta. Kontrollime operaatorite, lõhkematerjali, veotingimuste ja sihtkoha valmisoleku kohta esitatud andmete õigsust.;Ohutus
7;15.06.2015;59cbc5f8-91a9-4743-ba1a-7542e839019c;29.10.2015;et;Lõhkematerjali väljaveo loa taotluse läbivaatamine;;TJA-015;Teavitame ja anname võimaluse Kaitsepolitseil ja Politsei- ja Piirivalveametil esitada oma arvamus taotluse kohta. Kontrollime operaatorite, lõhkematerjali, veotingimuste ja sihtkoha valmisoleku kohta esitatud andmete õigsust.;Ohutus
8;15.06.2015;729c49db-126f-4122-bb8f-b18cbe6d692e;29.10.2015;et;Lõhkematerjali veoloa taotluse läbivaatamine;;TJA-016;Kontrollime operaatorite, lõhkematerjali, veotingimuste ja sihtkoha valmisoleku kohta esitatud andmete õigsust. Väljastatakse luba.;Ohutus
9;15.06.2015;fc9e7c95-63c4-436e-aa97-d7bdad35448b;29.10.2015;et;Lõhkematerjali veoloa kooskõlastamine;;TJA-017;Kontrollime operaatorite, lõhkematerjali, veotingimuste ja sihtkoha valmisoleku kohta esitatud andmete õigsust. Kooskõlastame loa.;Ohutus
10;15.06.2015;77f15f0e-8599-46bd-9505-65984580c8a7;30.11.2015;et;Pädevustunnistuse taotluse läbivaatamine;;TJA-018;Kontrollime vanust, erialast ettevalmistust, töökogemust, varasemaid karistusi ning tervisetõendi olemasolu, kas isik on sobiv töötamaks soovitud ametikohal. ;Ohutus
11;15.06.2015;7b4f8d0d-a00f-43fb-8342-2716a7d49bbf;30.11.2015;et;Pädevustunnistuse duplikaadi väljastamised;;TJA-019;Riigilõivu tasumist. Dublikaadi väljastamine.;Ohutus
12;15.06.2015;561de4e6-6eac-4d3d-aaa4-7f3941ff50d4;30.11.2015;et;Pädevustunnistuse kehtivuse pikendamised;;TJA-020;Kontrollitakse, kas töövaldkonnas nõutav pädevus ei ole vahepeal muutunud ja isik on osa võtnud erialasest täiendõppest. Isikul on olemas kehtiv tervisetõend ja puuduvad välistused karistusregistris. ;Ohutus
13;15.06.2015;0ac8b71c-aa4c-4708-b7da-b1341bd59eb3;30.11.2015;et;Pürotehnilise toote käitlemise tegevusloa taotluse läbivaatamine;;TJA-021;Kontrollitakse asjakohaste tehniliste vahendite ja nõutava personali olemasolu ning seda, et seotud isikutel ei oleks välistusi seoses varasemate karistustega. ;Ohutus
14;15.06.2015;20b34f1f-14be-407b-9b16-7195367f9219;30.11.2015;et;Pürotehnilise toote ettevalmistuskohale heakskiidu andmine;;TJA-022;-;Ohutus
15;15.06.2015;244badab-38f2-4b0d-bbc4-ff61eaae0736;30.11.2015;et;Pürotehnilise toote Eestisse toomisest teatamine;;TJA-023;-;Ohutus
16;15.06.2015;e814fde3-8bd8-4909-9c36-5e132f20d831;29.10.2015;et;Kohtutäituri täitemenetluse toimingu kooskõlastamine;;TJA-024;-;Ohutus
17;15.06.2015;109e6135-0216-4a2d-9568-78a22f7a49ef;30.11.2015;et;Ohtliku kemikaali käitlemise tegevusloa taotluse läbivaatamine - A-kategooria suurõnnetuse ohuga ettevõte;;TJA-025;Kontrollime, kas käitisele ei ole väljastatud juba lõhkematerjali või pürotehnilise toote käitamisluba või keskkonnkompleksluba.;Ohutus
18;15.06.2015;dfe9811d-fadf-4045-b41f-da4ee9e1a8fd;30.11.2015;et;Ohtliku kemikaali käitlemise tegevusloa taotluse läbivaatamine - B-kategooria suurõnnetuse ohuga ettevõte;;TJA-026;Kõigepealt kontrollitakse, kas käitisele ei ole väljastatud juba lõhkematerjali või pürotehnilise toote käitamisluba või keskkonnkompleksluba. Kontollitakse või selgitatakse välja keskkonnamõju hindamise vajadus.;Ohutus
19;15.06.2015;7f3bd876-0f17-47fa-b6d8-3e53c2891e83;30.11.2015;et;Ohtliku kemikaali käitlemise tegevusloa taotluse läbivaatamine - ohtlik ettevõte;;TJA-027;Kõigepealt kontrollitakse, kas käitisele ei ole väljastatud juba lõhkematerjali või pürotehnilise toote käitamisluba või keskkonnkompleksluba. Kontollitakse või selgitatakse välja keskkonnamõju hindamise vajadus.;Ohutus
20;15.06.2015;8103d27d-4d33-4229-97ce-559162342482;29.10.2015;et;Kohustusliku dokumentatsiooni kooskõlatamine;;TJA-028;Kooskõlastamine;Ohutus
21;15.06.2015;67e9c788-dfe1-4fa6-8ff3-7851a6ed4f59;30.11.2015;et;Õnnetusest teavitamine;;TJA-029;-;Ohutus
22;15.06.2015;ff7890df-366e-4554-a360-5f117388e265;29.10.2015;et;Mõõtevahendi siseriikliku tüübikinnitustunnistuse väljastamine ja muutmine;;TJA-030;Teostame legaalmetroloogilise ekspertiisi tuvastamaks mõõtevahendi tüübi nõuetele vastavust.;Ohutus
23;15.06.2015;6588a624-497b-4ed8-8709-66342ea6a411;29.10.2015;et;Mõõtevahendi taadelduks tunnistamine;;TJA-031;Taatlusvõimaluse puudumisel Eestis, tunnistab TJA teistes riikides väljastatud jälgitavate mõõtetulemuste alusel mõõtevahendi legaalmetroloogilise ekspertiisi käigus taadelduks.;Ohutus
24;15.06.2015;5c231844-28f9-4307-95b0-f5be83345946;30.11.2015;et;Teatise väljastamine RHM määruse 100 (kehtetu) alusel;;TJA-032;Tolli- ja aktsiismõõtmiseks kasutatavate mõõtevahendite taatlustulemuste hindamine ja sellekohase teatise väljastamine.;Ohutus
25;15.06.2015;d41f10f0-e336-4d48-833b-3603623fe496;30.11.2015;et;Taatlusmärgiste valmistaja valimine/määramine;;TJA-033;eelmine regulatsioon kehtetu, uus regulatsioon välja töötamisel;Ohutus
26;15.06.2015;ecddb0bc-d20c-4587-bbf4-a2a6e35a61ab;30.11.2015;et;Väljastatud mõõtevahendite siseriiklike tüübikinnituste loetelu haldamine;;TJA-034;Mõõtevahendite siseriiklike tüübikinnituste loetelu avalikustamine TJA kodulehel ja päringute alusel tunnistuste koopiate väljastamine;Ohutus
27;15.06.2015;99c76163-b312-4015-aafb-1cf973238164;29.10.2015;et;Mittevastavast mõõtevahedist teavitamine läbi TJA kodulehe;;TJA-035;Taatluslaborid teavitavad TJA-d läbi TJA kodulehe taatluse mitteläbinud mõõtevahenditest.;Ohutus
28;15.06.2015;ea63e911-2ae7-41a1-9286-c87681abfe16;29.10.2015;et;Informeerimine ja teavitamine;;TJA-036;Infopäevade ja seminaride korraldamine, infotrükiste jagamine;Ohutus
29;16.06.2015;4bfa94dd-47d0-460e-bfe1-95446ca8811e;30.11.2015;et;Personali sertifitseerimisasutuse pädevuseksamil osalemine;;TJA-037;TJA esindaja osaleb presonali sertifitseerimisasutuse poolt läbi viidava tehnilise kontrolli eksperdi eksamil. TJA esindaja kinnitab eksperdi eksamiprotokolli.;Ohutus
30;16.06.2015;0936ceed-de99-4d8c-9aa1-15f47fcf7ca1;30.11.2015;et;Paigalidse või seadmega toimunud õnnetusest teavitamine;;TJA-038;Registreeritava seadme või paigaldise järelevaataja on kohustatud teavitama TJA-d seadmega toimunud õnnetust.;Töökeskkond ja personal
31;16.06.2015;93ea52f3-4146-4fa6-8390-8eb98f3254d7;30.11.2015;et;Registreerimiskohustusega masinate tehniliste kontrollide andmekogu pidamine;;TJA-039;TJA peab registreeritavate seadmete ja paigaldiste andmekogu. Registreeritavateks seadmeteks ja paigaldisteks on õigusaktides määratletud kindlatele parameetritele vastavad masina, liftid, köisteed, surveseadmed ning gaasipaigalised.;Ohutus
32;16.06.2015;3f9ac780-9b86-45b6-b835-ff5b650ba2ff;29.10.2015;et;Menetlustaotluste menetlemine;;TJA-040;TJA-le esitatavad kaebused, taotlused järelelevale algatamiseks jne. ;Ohutus
33;16.06.2015;4654cd19-3900-4461-8eca-0b8cdb896f7f;30.11.2015;et;Raadiosagedusloa väljastamine;;TJA-041;Raadiosageduste kasutamiseks väljastab TJA sageduslubasid. Sellega antakse sagedusloa omanikule õigus kasutada raadiosageduskanalit teatud tingimustel ning tagatakse häirevaba efektiivne raadiosageduste kasutamine.;Side ja meedia
34;16.06.2015;8864bce7-9ace-47b2-bc9c-05c8b1105f78;30.11.2015;et;Raadiosagedusloa pikendamine;;TJA-042;Sagedusloa kehtivuse pikendamiseks kehtivatel tingimustel esitab sagedusloa omanik enne loa kehtivuse lõppemist TJA-le;Side ja meedia
35;16.06.2015;ec3472b3-645c-428a-862f-4d1dc1beaea7;30.11.2015;et;Raadiosagedusloa muutmine;;TJA-043;Sagedusloa omanik esitab TJA-le  taotluse sagedusloa tingimuste muutmiseks. ;Side ja meedia
36;16.06.2015;9c7dff55-67cd-4134-9495-d329d15c3dd5;30.11.2015;et;Raadiosagedusloaga kehtestatud õiguste ja kohustuste üleandmine;;TJA-044;Sagedusloa omanik võib osaliselt või tervikuna anda sagedusloas piiritletud raadiosageduste kasutamise õiguse üle või kasutuslepingu alusel kasutamiseks teisele;Side ja meedia
37;16.06.2015;2af836d9-9128-4f84-b549-a7514655eb8f;30.11.2015;et;Raadiosagedusloa otsuse ärakirja väljastamine;;TJA-045;TJA poolt antud raadiosagedusloa kinnitatud ärakirja väljastamine.;Side ja meedia
38;16.06.2015;de665649-f030-4803-b47d-aa4801f12997;30.11.2015;et;Raadiohäire teate lahendamine;;TJA-046;Raadiosageduste kasutaja võib esitada TJA-le kaebuse seoses raadiohäiretega.;Liiklus ja liiklusvahendid
39;16.06.2015;479cc102-a662-4acc-8982-11c398800cb8;29.10.2015;et;Numbriloa väljastamine;;TJA-047;Telefoninumbrite jm numbrite kasutamiseks väljastab TJA numbrilubasid. Sellega antakse numbriloa omanikule õigus kasutada numeratsiooni sideteenuse või muu teenuse osutamiseks.;Side ja meedia
40;16.06.2015;d809f144-acd3-4485-8d72-ea9cf9cd6531;29.10.2015;et;Numbriloa pikendamine / ennistamine;;TJA-048;Telefoninumbrite jm numbrite kasutamise jätkamiseks on vaja kord aastas TJA juures numbriluba pikendada.;Side ja meedia
41;16.06.2015;399b801a-2b2f-4141-b53f-64e5e969e604;29.10.2015;et;Numbriloa muutmine;;TJA-049;Telefoninumbrite jm numbrite kasutamise loa tingimuste muutmine, näiteks numeratsiooni koguse suurendamine.;Side ja meedia
42;16.06.2015;851fd004-721d-4252-9050-9db1902847d3;30.11.2015;et;Sertifitseerimisteenuse osutaja registreerimine;;TJA-050;Digitaalallkirja seaduse alusel kuuluvad sertifitseerimisteenuse osutajad registreerimisele;Ohutus
43;16.06.2015;b6b3b12a-0246-43c1-8d38-1993ff60b5d2;30.11.2015;et;Ajatempliteenuse osutaja registreerimine;;TJA-051;Digitaalallkirja seaduse alusel kuuluvad ajatempliteenuse osutajad registreerimisele;Riigi infosüsteemide kasutamine
44;16.06.2015;321206ef-fa59-4a4c-bfc9-17722658c52e;29.10.2015;et;Meediateenuste loa väljastamine;;TJA-052;Raadio või televisioonisaadete tootmiseks on vaja taotleda vastava liigi meediateenuse luba. Mõnda tüüpi loa väljastamiseks on vajalik eelnev konkurss. ;Side ja meedia
45;16.06.2015;7fd0abfc-57af-47be-90c1-b6b89b3b99f1;30.11.2015;et;Tellitava audiovisuaalmeediateenuse osutaja registreerimine;;TJA-053;Tellitav audiovisuaalmeediateenus seisneb saadete vaatamise võimaldamises teenuse kasutaja valitud ajal, valikul ja taotlusel.;Ohutus
46;16.06.2015;5a50ad72-4094-4086-b531-68380f259be1;30.11.2015;et;Sideteenuse osutamise majandustegevusteate registreerimine;;TJA-054;Kui ettevõte soovib hakata pakkuma üldkasutatavat elektroonilise side teenust (mobiiltelefoniteenus, telefoniteenus, andmeside vms) siis peab ta esitama majandustegevusteate.;Side ja meedia
47;16.06.2015;618e8b4e-2a38-43a4-acf0-6bdd2ccfe93b;30.11.2015;et;Veeremi remondiloa väljastamine;;TJA-055;Majandustegevuse üldosaseaduse kohaselt ning raudteeseaduse alusel on raudteeveeremi tehnohoolde- ja remondilubade väljastajaks TJA. ;Transport
48;16.06.2015;57861d15-2ed2-4289-b16e-d72ba73f2d1e;30.11.2015;et;Tegevuseeskirjade kooskõlastamine ja kinnitamine;;TJA-056;Tegevuseeskirjas kehtestatakse raudteeinfrastruktuuri korrashoiu, raudteeliikluse korraldamise ja teistele isikutele raudteeinfrastruktuuri kasutada andmise tingimused;Liiklus ja liiklusvahendid
49;16.06.2015;1111472a-a563-4090-bd7c-6dd7539ceea6;30.11.2015;et;Ohutusjuhtimise süsteemi kooskõlastamine ja kinnitamine;;TJA-057;Raudtee-ettevõtja peab ohutusjuhtimise süsteemi kehtestamisel lähtuma eesmärgist tagada oma raudteealase tegevusega seotud riskide juhtimine;Liiklus ja liiklusvahendid
50;16.06.2015;19c20d55-4a93-4b3e-976d-7f0ae72173b4;30.11.2015;et;Ohutustunnistuste väljastamine;;TJA-058;Raudtee-ettevõtja peab omama peale tegevusloa ka ohutustunnistust.;Ohutus
51;16.06.2015;f5d615e6-81e7-4596-b2b4-1ea7fe7127f8;30.11.2015;et;Raudteeveeremi kasutuselevõtuloa väljastamine;;TJA-059;Koostalitluse tehnilisele kirjeldusele vastava või mittevastava raudteeveeremi puhul menetluse läbiviimise järele väljastab TJA kautuselevõtuloa;Transport
52;16.06.2015;df54d9e0-50d4-4d8e-a3e4-1ecf2ee3bb12;30.11.2015;et;Diiselmootorite tüübikinnitustunnistuste väljastamine;;TJA-060;Tüübikinnitus on menetlus, mille tulemusena TJA  tunnistab, et raudteeveeremi tüüp või vedurile, mootorvagunile ning eriveeremile paigaldatava mootori tüüp vastab kehtestatud nõuetele, ja annab välja raudteeveeremi tüübikinnituse.;Liiklus ja liiklusvahendid
53;16.06.2015;286f1e29-876f-4ad2-bedb-4aeb4ac505eb;30.11.2015;et;Vedurijuhilubade väljastamine;;TJA-061;Isik, kes soovib saada vedurijuhiks peab läbima vastava koolituse ning sooritama eksami. Eksami sooritamise järele väljastatakse vedurijuhiluba. ;Liiklus ja liiklusvahendid
54;16.06.2015;e31d3481-27b6-4a2d-a98f-ba6839a38cc9;30.11.2015;et;Raudteeveol töötava ohutusnõuniku eksami läbiviimine;;TJA-062;Peale ohutusnõuniku koolitust tuleb sooritada TJA vastav eksam.;Liiklus ja liiklusvahendid
55;16.06.2015;28d5f02c-0cec-4eaa-8783-33ffca70354e;30.11.2015;et;Raudteeveol töötava ohutusnõuniku tunnistuse väljastamine;;TJA-063;Kui ettevõtja tegevuse hulka kuulub ohtliku veose autovedu, raudteevedu, siseveeteede vedu peab ettevõtja määrama ohutusnõuniku;Ohutus
56;16.06.2015;8267fad6-a889-450a-a0ca-912a33100bb8;30.11.2015;et;Vedurijuhtide koolituskavade kooskõlastamine;;TJA-064;Vedurijuhtide koolitust võib läbi viia täiskasvanute koolituse seaduse nõuete alusel pädev isik, kellel on kehtiv vedurijuhiluba ja vähemalt kolmeaastane vedurijuhi töökogemus.;Liiklus ja liiklusvahendid
57;16.06.2015;e9defae1-5a25-4c86-9b64-ca01860c63e4;30.11.2015;et;Raudteeveeremi registreerimine;;TJA-065;Raudteeveeremi registreerimist riiklikku raudteeliiklusregistrisse reguleerib raudteeseadus ja Vabariigi Valitsuse  määrus nr 74 Riikliku raudteeliiklusregistri asutamine ja registri pidamise määrus.;Transport
58;16.06.2015;489c7272-8eee-40a4-aae3-245d6bad1b06;30.11.2015;et;Järelevalvetoimingu protokolli väljastamine;;TJA-066;Järelevalvetoimingute tulemused fikseeritakse järelevalve protokollis, mis väljastatakse ettevõtjale;Transport
59;16.06.2015;c1c94fbf-81e7-4c58-b031-b86f6644b064;30.11.2015;et;Ettekirjutuste väljastamine;;TJA-067;Järelevalvetoimingute käigus tuvastatud puuduste tähtajaliseks kõrvaldamiseks väljastatakse ettevõtjale ettekirjutus.;Ohutus
60;16.06.2015;2431c531-8add-415b-a8a0-0af3e3ce9ac1;30.11.2015;et;Raudteeveeremi registreerimistunnistuste väljastamine;;TJA-068;Raudteeveeremi registreerimise kohta riiklikus raudteeliiklusregistris väljastab TJA soovijale raudteeveeremi registreerimistunnistuse;Transport
61;16.06.2015;f65e908d-112c-4794-85c4-8deb39378a08;30.11.2015;et;Raudteevõrgustiku teadaannete heakskiitmine;;TJA-069;Vaadatakse läbi ja kiidetakse heaks läbilaskevõime jaotamise perioodi raudteevõrgustiku teadaanne. ;Transport
62;16.06.2015;249a680e-3615-4a9c-ae66-c2e4dc1c09a6;30.11.2015;et;Läbilaskevõime jaotamine;;TJA-070;Jaotatakse liiklusgraafikuperioodi läbilaskevõime, liiklusgraafikuperioodi jaotama jäänud läbilaskevõime tellimiste aluses ja ühekordset sihtotstarbelist läbilaskevõimet.;Transport
63;16.06.2015;479a6b5c-bb4b-44fe-ab80-fe432263d3fb;30.11.2015;et;Liiklusgraafikute kinnitamine;;TJA-071;Vaadatakse läbi ja kinnitatakse liiklusgraafikuperioodi avalike raudteeinfrastruktuuri-ettevõtjate rongide liiklusgraafikud. ;Transport
64;16.06.2015;988d8b95-01d6-4d35-a641-f07cb8ab5709;29.10.2015;et;Kaubaveoeeskirjade läbivaatamine ja kinnitamine;;TJA-072;Vaadatakse läbi ja kinnitatakse raudtee kaubaveo-ettevõtjate kaubaveoeeskirjad.;Ohutus
65;16.06.2015;98f1552f-4eaa-4c9b-99c8-4b7a12345258;30.11.2015;et;Ohutusnäitajate ja aruannete kontrollimine;;TJA-073;Vaadatakse üle ja analüüsitakse raudtee-ettevõtjate ohutusnäitajate aruandlust.;Transport
66;16.06.2015;c52a7fdb-a82a-47f5-b384-6994c4fdc064;30.11.2015;et;Planeeringute menetlemine;;TJA-074;Maakonna-, üld-, detailplaneeringu või muu teemaplaneeringu kooskõlastamine, mille planeeringualasse jääb raudteerajatis või raudteekaitsevöönd. ;Transport
67;16.06.2015;867a95ea-b774-4c1c-a4f4-7128db85c9db;30.11.2015;et;Projekteerimistingimuste kooskõlastamine;;TJA-075;Raudteerajatise ehitamise aluseks peab olema kehtiv planeerimisdokument, milleks võib olla projekteerimistingimused, mis tuleb kooskõlastada TJA-ga.;Transport
68;16.06.2015;2feef916-a763-4df2-9bcb-7ba15554e745;30.11.2015;et;Mitteavalikul raudteel tegutsemise ohutustunnistuste väljastamine;;TJA-076;Mitteavalikul raudteel raudteeliikluse korraldamiseks on vajalik tegutsemise ohutustunnistus.;Transport
69;16.06.2015;59775aa4-571b-45ca-8869-d1c7b3bf831c;30.11.2015;et;Raudteerajatiste ehitus- ja kasutuslubade menetlemine;;TJA-077;Raudteerajatise kasutamiseks on vajalik ehitus- ning kasutusluba.;Transport
70;16.06.2015;2eb393d7-a958-4898-bf13-c8d76455e5d8;30.11.2015;et;Raudteerajatiste kirjaliku nõusoleku väljastamine;;TJA-078;Teatud juhtudel on raudteerajatise ehitamisel vajalik kirjalik nõusolek;Transport
71;16.06.2015;7160187a-b5ff-4930-ae82-2d98de6e9ae8;30.11.2015;et;Raudtee-ehituse tegevuslubade väljastamine;;TJA-079;Majandustegevuse üldosaseaduse kohaselt ning raudteeseaduse alusel on raudtee-ehitustegevuslubade väljastajaks TJA;Transport
72;16.06.2015;6a53bf86-775a-46a1-883b-04da3afcedd7;30.11.2015;et;Raudteeliiklusregistri toimingud;;TJA-080;Eesmärgiks on registris registreerida avalikuks kasutamiseks määratud raudteed ja teised avaliku raudteega kas otseselt või läbi teiste teede seotud raudteed, sealhulgas ka depooteed.;Transport
73;16.06.2015;9fa98ab6-81e5-4bd9-8142-fd285d2cd4b2;30.11.2015;et;Raudtee järelevalve;;TJA-081;Raudteeseaduse ja TJA põhimääruse  ja Korrakaitseseaduse alusel teostame raudteerajatiste korrashoiunõuete täitmise üle järelevalvet;Transport
74;16.06.2015;a9f88c61-2dcf-44cc-85ef-4dccbbb248b5;30.11.2015;et;Välisriigi kutsekvalifikatsiooni tunnustamine;;TJA-082;TJA on nimetatud välisriigi kutsekvalifikatsiooni tunnustamiseks pädevateks asutusteks (raudtee-ehituse vastutava spetsialisti kutsetunnistuse osas).;Transport
75;16.06.2015;23b51ac1-18c5-49d5-82f9-a742bd1493d2;30.11.2015;et;Raudteekaitsevööndis tegutsemiseks kirjaliku nõusoleku väljastamine;;TJA-083;Raudtee kaitsevööndis tegutsemiseks on vajalik muuhulgas TJA kirjalik nõusolek.;Transport
76;16.06.2015;7655addc-c5f9-48dc-9f48-770d13b210ea;30.11.2015;et;Raudteeinfrastruktuuri kasutustasude kehtestamine;;TJA-084;TJA otsustab kasutustasu arvestamise metoodika ja raudteeinfrastruktuuri-ettevõtjate raamatupidamisandmete põhjal liiklusgraafikuperioodi raudteeinfrastruktuuri kasutustasude määrad. ;Transport
77;16.06.2015;ea75aa72-04d8-4422-9ee1-05a30758eac3;30.11.2015;et;Struktuurivahendite rakendamine;;TJA-085;TJA rakendab transpordi infrastruktuuri arendamise meetmeid, sh teostab invetseeringute kava alusel elluviidavate projektide rakendamise üle järelevalvet. ;Transport
78;16.06.2015;9ed3dc64-9734-455e-a334-2e2ebe36fab2;30.11.2015;et;Tehnilise Järelevalve Ameti klientide küsimustele vastamine, dokumentide vastuvõtmine;;TJA-086;Suhtlus klientidega telefoni teel, dokumentide vastuvõtmine , registreerimine ja edastamine  teemaga seotud ametnikule TJA dokumendihaldussüsteemis;Transport
79;16.06.2015;e618dfe0-0e79-4a88-8b3d-528759ceb684;30.11.2015;et;Välisriigis omandatud kutsekvalifikatsiooni tunnustamine;;TJA-087;-;Ohutus
80;17.06.2015;4026e05b-b4bd-4978-8108-650e7fde289e;1.12.2015;et;Küsimus/kaebus tarbijakaitseametile;;TKA-006;Esita tarbijakaitseametile infopäring, kaebus ehk avaldus kaebuste komisjonile vaidluse lahendamiseks või teabenõue.;Tarbijakaitse
81;17.06.2015;c236f881-5cd4-4c8e-b107-aa1495a33e3d;8.12.2015;et;Sõiduki omanikuvahetuse (ost-müük) vormistamine;;MA-007;Liiklusregistrisse kantud sõiduki registrijärgse omaniku andmete muutmine. Sõiduki omaniku või tema esindaja taotluse alusel registreerimistunnistuse kätte toimetamine  Eesti riigi piires. ;Liiklus ja liiklusvahendid
82;17.06.2015;59e627a1-7cf4-4117-83d6-066a716f23c3;8.12.2015;et;Sõiduki registriandmete muutmine;;MA-008;Liiklusregistrisse kantud  sõiduki ja sellega seotud isikute andmete muutmine, lisamine või ärajätmine.  Märke lisamine registrisse, kui uus omanik ei ole vormistanud sõidukit oma nimele. ;Liiklus ja liiklusvahendid
83;17.06.2015;7ffcd47b-3343-4404-8465-d1619251c989;8.12.2015;et;Sõiduki ajutine või lõplik registrist  kustutamine;;MA-010;Sõiduki ajutine kustutamine registrist mitte pikemalt kui 24 kuud, mille korral ei rakendu omanikule või vastutavale kasutajale registris olekust tulenevad kohustused. Sõiduki lõplik registrist kustutamine  Liiklusseaduses sätestatud alustel. ;Liiklus ja liiklusvahendid
84;17.06.2015;90ce2ea3-a613-4396-998d-d2b681010081;8.12.2015;et;Numbrimärgi duplikaadi tellimine;;MA-014;Sõiduki omaniku või tema esindaja kirjaliku taotluse alusel kadunud, varastatud või kasutamiskõlbmatuks muutunud registreerimismärgi asendamine. ;Liiklus ja liiklusvahendid
85;17.06.2015;6b05a1c8-32bd-456b-8718-e2d5e66f9954;16.11.2015;et;Mootorsõidukijuhi-ja trammijuhi riikliku sõidueksami vastuvõtmine;;MA-038;B, AM, A1, A2, A, C1, C1E, C, CE, D1, D1E, D, DE, T -kategooria sõidueksami vastuvõtmine mootorsõiduki juhtimisõiguse taotlemisel. Trammi sõidueksami vastuvõtmine trammi juhtimisõiguse taotlemisel;Liiklus ja liiklusvahendid
86;18.06.2015;9511777c-465a-4c3f-986d-9909f26605b0;30.11.2015;et;Laevapereta prahitud laevade registri kande muudatuse tegemine ja registrist kustutamine;;VTA-005;-;Merendus
87;18.06.2015;dac74b51-5611-4e62-8a48-e7a9440a6603;30.11.2015;et;Veesõiduki tehniline ülevaatus;;VTA-006;-;Merendus
88;18.06.2015;94aa958b-b267-4e37-a4a0-6ffc4d3e9f8d;30.11.2015;et;Reederi ja laeva meresõiduohutusalane auditeerimine;;VTA-007;-;Merendus
89;18.06.2015;1b43ff87-15f4-4a30-a3e0-f2c5ef073c22;30.11.2015;et;Laeva turvaülevaatus;;VTA-008;-;Merendus
90;18.06.2015;38a2634c-bca7-4c22-8640-58ee8dc73ff1;30.11.2015;et;Laevapere liikme töö- ja elamistingimuste ülevaatus;;VTA-009;-;Merendus
91;18.06.2015;f38cb492-8de5-40a0-a197-6f273c342857;30.11.2015;et;Tegevusloa taotluse läbivaatamine;;VTA-010;-;Merendus
92;18.06.2015;a6e54bb8-9384-41b9-8263-4c8a2888a260;30.11.2015;et;Lootsi kvalifikatsioonieksami ja lootsitasõidu eksami vastuvõtmine;;VTA-011;-;Merendus
93;18.06.2015;0384fb25-a780-45b2-83d8-8c6dae1b456b;30.11.2015;et; Laevale, lootsile ja laevaliikluse korraldamise süsteemi operaatorile tunnistuste väljastamine;;VTA-012;-;Merendus
94;18.06.2015;fdd8d82c-96cb-4e2b-b5bd-fbb5a9190ec4;30.11.2015;et; Laeva tehnilise dokumentatsiooni läbivaatamine ja kooskõlastamine;;VTA-013;-;Merendus
95;18.06.2015;526b7bce-f8c4-4cfa-a7ba-1ab2216cc108;30.11.2015;et; Laevale tunnistuste ja tõendite väljastamise aluseks oleva dokumentatsiooni läbivaatamine;;VTA-014;-;Merendus
96;18.06.2015;2013a874-256c-4cee-bb63-046f64bed580;30.11.2015;et;Laevapere liikme kutseeksami vastuvõtmine;;VTA-015;-;Merendus
97;18.06.2015;0b7a8b77-b1ae-43c0-ad3a-f7254ed9a7cf;30.11.2015;et;Laevapere liikmetele diplomite ja tunnistuste väljastamine;;VTA-016;-;Merendus
98;18.06.2015;d82c53a4-5253-479c-91c9-276a21fb72ec;30.11.2015;et;Väikelaeva raadiosideoperaatori tunnistuse väljastamine;;VTA-017;-;Merendus
99;18.06.2015;76e5ab8b-57f2-443f-8eed-8e56a856a6ab;30.11.2015;et;Sadamarajatise turvatunnistuse väljastamine ja tunnistusele märke tegemine;;VTA-018;-;Merendus
100;18.06.2015;d1aa12c5-46ec-4be4-8ee0-d0b0eabf1e61;30.11.2015;et;Sadamakapteni ning sadama ja sadamarajatise turvaülema atesteerimine;;VTA-019;-;Merendus
101;18.06.2015;4fadc6b4-e07a-4ad3-9b57-8ef2b5523247;30.11.2015;et;Turvaettevõtja tunnustamise taotluse läbivaatamine;;VTA-020;-;Merendus
102;18.06.2015;0a08cf3a-3b67-47ad-9798-f6a8d83bd32e;30.11.2015;et;Sadama sadamaregistrisse kandmine ja sadamaregistri kande muutmine;;VTA-021;-;Merendus
103;18.06.2015;8c87055c-4a9c-47ee-9c6d-cbedf819936c;30.11.2015;et;Vastutuskindlustuse ja muu rahalise tagatise tõendi taotluse läbivaatamine;;VTA-022;-;Merendus
104;18.06.2015;fa6cf111-96cb-43be-870e-933069df2403;30.11.2015;et;Laeva kandmine laevapereta prahitud laevade registrisse koos ajutise liputunnistuse väljastamisega;;VTA-023;-;Merendus
105;18.06.2015;bf1d7cc0-4dea-4ec4-9927-03641c9f68ec;30.11.2015;et;Laevaregistri dokumendi ärakirja väljastamine ;;VTA-024;Kaubandusliku meresõidu koodeksi alusel asutatud laevaregistri dokumendi ärakirja väljastamine ;Merendus
106;18.06.2015;5f45b713-d025-4e5a-932c-0cb7d6e5896d;30.11.2015;et;Laeva nime kooskõlastamine;;VTA-025;-;Merendus
107;18.06.2015;b48974c2-86f7-4dcb-b8df-88f216029fda;30.11.2015;et;Väiksema kui 50-se kogumahutavusega laeva rannasõidukipri tunnistuse ja kinnituslehe väljaandmine;;VTA-026;-;Merendus
108;18.06.2015;2789b58e-25db-44d5-82bc-0a45b9fa6488;30.11.2015;et;Ohutusalase koolitus, turvaalase, tuletõrjealase, tankeritele töötamist tutvustava koolituse ja tankeritel töötamise laiendatud koolituse tunnistuse väljaandmine;;VTA-027;-;Merendus
109;18.06.2015;808925dc-19b1-426c-a854-b908bb40018e;30.11.2015;et;Elektrimehaaniku ja külmutusseadmete mehaaniku diplomi väljastamine;;VTA-028;-;Merendus
110;18.06.2015;16b4a779-f088-4374-8aa8-524baaa36d11;30.11.2015;et;Väiksema kui 3000 kW peamasinate efektiivse koguvõimsusega ning 3000 kW ja suurema peamasinate efektiivse koguvõimsusega mootorlaevade teise mehaaniku diplomite ja kinnituslehtede väljastamine;;VTA-029;-;Merendus
111;18.06.2015;4b73d47f-098d-4ba1-bcde-0fc458e1d3b1;30.11.2015;et;Väiksema kui 3000-se kogumahutavusega laeva ja 3000-se ja suurema kogumahutavusega laeva vanemtüürimeeste diplomite ja kinnituslehtede väljastamine;;VTA-030;-;Merendus
112;18.06.2015;d958503a-194f-4e01-b925-e384470a7eeb;30.11.2015;et;Väiksema kui 750 kW peamasinate efektiivse koguvõimsusega mootorlaeva vanemmehaaniku tunnistuse ja kinnituslehe väljastamine;;VTA-031;-;Merendus
113;18.06.2015;c0d1f821-ea75-464d-839c-9ebcce615eaf;30.11.2015;et;Väiksema kui 500-se kogumahutavusega laeva vahitüürimehe diplomi ja kinnituslehe väljastamine;;VTA-032;-;Merendus
114;18.06.2015;0c0d649a-9b87-4e2e-82e6-b1f960d58be9;18.06.2015;et;Väiksema kui 500-se kogumahutavusega laeva kapteni diplomi ja kinnituslehe väljastamine;;VTA-033;-;Merendus
115;18.06.2015;8db280c5-b5b7-4700-bb6c-a3ce4b7ba5b1;30.11.2015;et;Väiksema kui 200-se kogumahutavusega laeva vahitüürimehe ja kipri tunnistuste ja kinnituslehtede väljastamine;;VTA-034;-;Merendus
116;18.06.2015;04f3e47f-6911-47c7-95c6-6726ba67b8e9;30.11.2015;et;Raadiosideoperaatori, piirangutega raadiosideoperaatori ja väikelaeva raadiosideoperaatori tunnistuste ja kinnituslehtede väljastamine;;VTA-035;-;Merendus
117;18.06.2015;49ba8820-98ed-426c-b952-4344d1a95331;30.11.2015;et;Päästevahendite ja valvepaadi vanema, kiirvalvepaadi vanema ning päästeparve vanema tunnistuse väljastamine;;VTA-036;-;Merendus
118;18.06.2015;bd4169c3-17a2-4e87-b8fe-6446b6d05afb;30.11.2015;et;Laevamotoristi, vanemmotoristi, laevaelektriku ning laeva külmutusseadmete masinisti tunnistuste väljastamine;;VTA-037;-;Merendus
119;18.06.2015;87f82ba0-4520-4f49-b6f6-36ae7a6f2ed2;30.11.2015;et;Madruse, vahimadruse ja vanemmadruse tunnistuse väljaandmine;;VTA-038;-;Merendus
120;18.06.2015;975a04de-0780-4f3f-b30a-5b68650a508f;30.11.2015;et;Lootsi kvalifikatsioonieksami ja lootsitasõidu eksami läbiviimine ning dokumentide väljastamine;;VTA-039;-;Merendus
121;18.06.2015;9de58721-1f92-4b76-bc44-61f098a27477;30.11.2015;et;Laevakoka tunnistuse väljastamine;;VTA-040;-;Merendus
122;18.06.2015;9c5085a0-ca79-4dca-a20c-a2fcff468fa7;30.11.2015;et;Väiksema kui 3000 kW peamasinate efektiivse koguvõimsusega mootorlaeva vanemmehaaniku ning 3000 kW ja suurema peamasinate efektiivse koguvõimsusega mootorlaeva vanemmehaaniku diplomite ja kinnituslehtede väljastamine;;VTA-041;-;Merendus
123;18.06.2015;5233f66e-2c4f-4f75-81aa-d6da48562e8e;30.11.2015;et;Laeva vahitüürimehe diplomi ja kinnituslehe väljastamine (500-se ja suurema kogumahutavusega);Tööks vajaliku dokumendi vormistamine;VTA-042;Teenuse eesmärgiks on määrata kindlaks väiksema kui 500-se kogumahutavusega laeva vahitüürimehe diplomi ja kinnituslehe väljaandmine.;Merendus
124;18.06.2015;478622e3-eff1-420e-a8c6-40916b1ceb9b;30.11.2015;et;II ja I klassi raadioelektrooniku diplomite ja kinnituslehtede väljastamine;;VTA-043;-;Merendus
125;18.06.2015;42502d71-4bed-4270-a34a-f6894b009c03;30.11.2015;et;Mootorlaeva vahimehaaniku diplomi ja kinnituslehe väljastamine (750 kW ja suurema peamasinate efektiivse koguvõimsusega);;VTA-044;-;Merendus
126;18.06.2015;f1db7536-0ffc-44ef-b15f-8749cc72775c;30.11.2015;et;Väiksema kui 3000 kogumahutavusega laeva ning 3000 ja suurema kogumahutavusega laeva kapteni diplomite ja kinnituslehtede väljastamine;;VTA-045;-;Merendus
127;18.06.2015;121ed9b5-9952-43a5-bcaa-3e1a3b781f01;30.11.2015;et;Kalalevale pardanumbri omistamine;Kalalaeva registreerimine;VTA-046;Üle 10 m kogupikkusega kalalaeva Eestis registrisse kandmine.;Merendus
128;18.06.2015;ed473a98-8433-49f0-b233-d11e11a4b9d8;30.11.2015;et;Navigatsioonimärgistuse registreerimine;;VTA-047;NMA eesmärgiks on navigatsioonimärkide  identifitseerimisandmete, iseloomustusandmete ja olekuandmete haldamine, et tagada veeliiklejate õigeaegne teavitamine navigatsioonimärkide olemasolust ja töökorrasolekust.;Merendus
129;18.06.2015;e40776be-0fa4-4b4e-9576-ec6c7a9d0b0f;30.11.2015;et;Hüdrograafia Infosüsteem (HIS);;VTA-048;Hüdrograafia infosüsteemi pidamise eesmärgiks on hüdrograafiliste mõõdistusandmete haldamine Veeteede Ametis  ja nende andmete kättesaadavaks tegemine Veeteede Ameti  töötajatele ning  publitseerimine veebirakenduse või avaliku WMS teenus.;Merendus
130;18.06.2015;53c119b6-d3a5-448a-88d2-a1775fbea643;30.11.2015;et;Teadaanded meremeestele;Navigatsiooniteave;VTA-049;Kord kuus pdf formaadis ilmuv digitaalne väljaanne ametlike navigatsioonikaartide korrigeerimiseks.;Merendus
131;18.06.2015;15f62deb-93a8-44f3-a24c-72b9b2957f75;30.11.2015;et;x-teega liitumine (test, toodang);;RIA-007;Asutus või ettevõte saab pakkuda X-tee kaudu oma e-teenuseid ning esitada lubatud päringuid mitmetesse eri andmebaasidesse ja registritesse. Liituja saab esmast informatsiooni riigi registrite, andmekogude ja infosüsteemide kohta RIHAst;Riigi infosüsteemide kasutamine
132;18.06.2015;a1e82a23-abf1-4c1b-b485-c4b695b3cfd3;30.11.2015;et;x-teega liitumine (arenduskeskkond);;RIA-008;-;Riigi infosüsteemide kasutamine
133;18.06.2015;bc12bb35-f894-4af0-8f00-9e8efb20c650;30.11.2015;et;DVK universaalkliendi (UK) tarkvara allalaadimine;;RIA-009;Keskselt pakutav komponent, mis lihtsustab dokumendihaldussüsteemi või muu infosüsteemi liidestamist DVKga. ;Riigi infosüsteemide kasutamine
134;18.06.2015;55de28a4-9761-404c-8341-39341576f1d2;30.11.2015;et;DVK dokumendi saatmise katkestamine;;RIA-010;Kui dokumendi saatja või vastuvõtja soovib mingil põhjusel edastatud dokumendi saatmise katkestada (dokumendi vastuvõtmisega on probleeme, ekslikult edastatud dokument jne), siis teavitatakse RIAt  e-kirja teel.;Riigi infosüsteemide kasutamine
135;18.06.2015;e1b7c57a-bc87-4831-a793-4a285d479775;30.11.2015;et;eID kasutajatugi;;RIA-011;Lahenduste pakkumine erinevatele probleemidele, mis on seotud eID (ID-kaart, Mobiil-ID) kasutamisega.;Riigi infosüsteemide kasutamine
136;18.06.2015;ad316cb9-b387-4db1-934f-ad4b0064a9ff;30.11.2015;et;ID-kaardi baastarkvara;;RIA-012;Vastutab ID-tarkvara toimimise, arengu ja halduse eest.;Riigi infosüsteemide kasutamine
137;18.06.2015;558eae2b-cf61-415c-b55b-02fed29013c8;30.11.2015;et;ID-kaardi veahalduskeskkond;;RIA-013;RIA majutatav keskkond, kus ID-kaardi arendajad saavad ID-kaardi tarkvara arendada.;Riigi infosüsteemide kasutamine
138;18.06.2015;448a5e72-6e09-4799-b455-4e2cbfcb8321;3.12.2015;et;Ametliku vormi portaalis avaldamine;;RIA-014;Ametlikud vormid on taotlused, päringud jms, mille esitamiseks seni on vaja olnud pabereid täita, allkirjastada ja asutusse kohale viia. Riigiportaalis aga piisab ametlike vormide kasutamiseks täita ekraanil olev vorm ja vajutada „Saada“ nuppu.;Riigi infosüsteemide kasutamine
139;18.06.2015;5b30ea62-ac75-4d9d-bbc5-c7b72e134b16;30.11.2015;et;Autoriseerimine;;RIA-015;Autoriseerimisteenuse abil on infosüsteemi omanikul võimalik autoriseerimisandmete andmekogus (AAR) X-tee vahendusel hallata kasutajaõiguseid.;Riigi infosüsteemide kasutamine
140;18.06.2015;3d6ead1c-1876-4031-bfc7-2ebde08a34e4;30.11.2015;et;Välismaiste e-identiteetide kasutamiseks vajalike teenuste platvorm;;RIA-018;-;Riigi infosüsteemide kasutamine
141;18.06.2015;c5925dfc-20c1-4b98-a52c-1b9dde007f8c;30.11.2015;et;RIHA kooskõlastamine;;RIA-019;-;Riigi infosüsteemide kasutamine
142;18.06.2015;6c7736d8-2fca-4ac1-95a7-5c5671a4c498;7.12.2015;et;DVK-ga liitumine;DVK toodangu või testkeskkonnaga liitumine;RIA-020;Dokumendivahetuskeskus (DVK) on erinevatele dokumendihaldussüsteemidele (DHS) ja teistele dokumente käsitlevatele infosüsteemidele ühine keskset dokumendi- ja infovahetusteenust pakkuv infosüsteem. ;Riigi infosüsteemide kasutamine
143;18.06.2015;40bf5b90-d5e6-425c-9845-63129401f8ab;30.11.2015;et;BI komponentide majutus;;RIA-021;Toimub RIA baasinfrastruktuuri platvormil koos haldusega. Majutame ja haldame ennekõike riigi jaoks olulisi, kriitilisi ning asutusteüleseid infosüsteeme.;Riigi infosüsteemide kasutamine
144;18.06.2015;a6c6cb47-e477-479f-a65e-33f208effce0;30.11.2015;et;Hostelteenus;;RIA-022;Riigiasutuste serverite ja seadmete majutus kokkuleppel dubleeriva asukohana. ;Riigi infosüsteemide kasutamine
145;18.06.2015;3e9e8b60-1e9f-4159-b80c-8fa6a80a4372;30.11.2015;et;Varuvõimsus;;RIA-023;Lühiajaliseks perioodiks ressursi väljalaenamine.;Riigi infosüsteemide kasutamine
146;18.06.2015;078ddacc-a748-49fb-9547-53c8ebc89b36;30.11.2015;et;Digitaalne arhiiv;;RIA-024;Vajadusel hoiustame digiandmeid. Keskendume ainult kriitiliste infosüsteemide ja tõestusväärtuse vajadusega andmete hoiustamisele.;Riigi infosüsteemide kasutamine
147;18.06.2015;b350bb23-4276-466a-b6b2-b57dc5d6fda3;30.11.2015;et;Inkubatsioon ehk uue teenuse majutamine juurutamisfaasis;;RIA-025;Inkubatsiooniteenus loob võimaluse asutuste koostöös viia ellu keerulisi, paljusid osapooli ühendavaid projekte, vähendades samas riske arendus- või haldustegevuse käivitusperioodil.;Riigi infosüsteemide kasutamine
148;18.06.2015;ca4c1739-ab3f-48ba-a040-a90cf8b130e6;7.12.2015;et;Autentimisteenus;;RIA-026;Autentimisteenuse abil on infosüsteemi omanikul võimalik eelnevalt ID-kaardi, mobiil-ID või internetipanga kaudu riigiportaali sisenenud kasutajad lubada turvaliselt oma X-teega liitunud infosüsteemi.;Riigi infosüsteemide kasutamine
149;18.06.2015;eb249280-3dd1-4e9e-abe2-e71d93917e99;7.12.2015;et;Ametlik @eesti.ee postisüsteem;;RIA-027;Igal Eesti isikukoodiga inimesel on riigiportaalis olemas oma e-posti aadress – eesnimi.perekonnanimi(n)@eesti.ee. See e-posti aadress on mõeldud riigi ja inimese suhtluskanaliks, kuhu riik saab saata teateid ja inimest puudutavat infot.;Riigi infosüsteemide kasutamine
150;18.06.2015;ea45cbed-33a7-4227-b7d7-a7e33eb42b31;7.12.2015;et;Riigiportaalis eesti.ee X-tee teenuste avaldamine;;RIA-028;X-tee päringute esitluskiht võimaldab andmekogude omanikel viia e-teenused X-tee kaudu riigiportaali vahendusel kodanike, ettevõtjate või ametnikeni. E-teenusteks võivad olla andmekogust andmete pärimine, taotluste või aruannete esitamine jm. ;Riigi infosüsteemide kasutamine
151;18.06.2015;67edc195-ab8f-4297-8e1d-da2f49ce41d1;30.11.2015;et;Teavitusteenus;;RIA-029;"\Teavitusteenuse kaudu saavad ettevõtjad ja kodanikud teateid riigiasutustelt riigiportaali eesti.ee kalendrisse, e-postile või SMS-iga. Avaliku sektori asutused (lepingupartnerid) saavad edastada teavitusi tavakodanikele,  ettevõtjatele, FIE-de""";Riigi infosüsteemide kasutamine
152;18.06.2015;2af7f103-b604-458b-94f9-f32d58e60259;30.11.2015;et;Küberturvaintsidendist teavitamine;;RIA-030;Küberturvaintsidendist teavitamine;Riigi infosüsteemide kasutamine
153;18.06.2015;662a8581-8cbe-4a3b-b81c-530f7a04f34d;30.11.2015;et;E-posti aadressi edasisuunamine  - @eesti.ee;;RIA-031;Igal Eesti isikukoodiga inimesel on olemas oma ametlik e-posti aadress – eesnimi.perekonnanimi(n)@eesti.ee. See e-posti aadress on mõeldud riigi ja inimese suhtluskanaliks, kuhu riik saab saata teateid ja inimest puudutavat infot.;Riigi infosüsteemide kasutamine
154;25.06.2015;4e47647d-88cc-4d1f-8486-315b20c1cc42;1.12.2015;et;Raudteeseaduse tegevuslubade taotlemine;;KA-001;"Tegevusluba on vaja taotleda, kui ettevõtja soovib tegutseda raudteevaldkonnas ning osutada järgmiseid teenuseid: avaliku raudteeinfrastruktuuri majandamine; raudtee reisijatevedu; raudtee kaubavedu.";Transport
155;25.06.2015;1e697b5f-a470-44f6-a4bd-ea0e1c7d1ff4;1.12.2015;et;Elektrituruseaduse tegevuslubade taotlemine;;KA-002;Elektrituruseaduse tegevuslubade taotlemine;Energeetika
156;25.06.2015;afd30ca8-261f-466b-82cc-9ede6c8aaace;1.12.2015;et;Gaasiettevõtja tegevusloa taotlemine;;KA-003;Soojaettevõtja tegevuslubade taotlemine;Energeetika
157;25.06.2015;e2cfae86-ae50-453a-ae72-03c8b34d7311;1.12.2015;et;Soojusettevõtja tegevuslubade taotlemine;;KA-004;Soojusettevõtja tegevusloa taotlemine;Energeetika
158;25.06.2015;ff3748d5-1759-4b49-9577-f365ab519f1a;1.12.2015;et;Postiteenuse tegevusloa taotlemine;;KA-005;Postiteenuse tegevusloa taotlemine;Side ja meedia
159;25.06.2015;325afe04-ccb8-4865-ab31-f5b73b94c384;1.12.2015;et;Vee hinna kooskõlastamine;;KA-006;-;Eluase
160;25.06.2015;8ff3ffed-31bf-4cbf-9820-d69d12b28d9f;1.12.2015;et;Soojuse hinna kooskõlastamine;;KA-007;-;Energeetika
161;25.06.2015;822708a9-bc98-4242-9e87-606b40bad755;1.12.2015;et;Elektri hinna kooskõlastamine;;KA-008;-;Energeetika
162;25.06.2015;f363c2b8-f31d-4dad-9a3c-e1ba255f7d51;1.12.2015;et;Maagaasi hinna kooskõlastamine;;KA-009;-;Energeetika
163;25.06.2015;78bfe18f-5ed8-4de3-afe0-0687f5df5177;1.12.2015;et;Turuanalüüside küsimustikud;;KA-010;-;Energeetika
164;25.06.2015;fe863db0-a002-49e3-b2a0-35ba0428be43;1.12.2015;et;Teabenõue Konkurentsiametile;;KA-011;Esita teabenõue Konkurentsiametile;Energeetika
165;25.06.2015;455ff60c-1778-449e-81fa-c2cc6ab652f8;30.11.2015;et;Ettepanek, kaebus Lennuametile;;LA-001;Ootame ettepanekuid, kaebusi Lennuameti poolt osutatavate teenuste, infovahetuse, vahetu suhtlemise või personali kompetentsi osas.;Lennundus
166;25.06.2015;625baa64-96ba-484e-84b9-194087773052;30.11.2015;et;Teabenõude esitamine Lennuametile;;LA-003;Teabenõudega saab Lennuametilt küsida teavet, mis on juba olemas ehk dokumente, mis on koostanud Lennuameti töö käigus.;Lennundus
167;25.06.2015;6263659f-1682-483d-bc94-0d534a27a692;30.11.2015;et;Hinnang Lennuameti järelevalvele;;LA-004;Hinda Lennuameti järelevalvet.;Lennundus
168;25.06.2015;a2609053-2213-4f68-ab4b-1e7d5db9d672;30.11.2015;et;Tagasiside Lennuametile;;LA-005;Tagasiside Lennuameti tegevusele. ;Lennundus
169;25.06.2015;a4343e8a-33c4-401d-ba68-b5ee4c2dfd6d;30.11.2015;et;Nõustamine ja vastuvõtt Lennuametis;;LA-006;Nõustamine ja vastuvõtt Lennuametis;Lennundus
170;25.06.2015;d1638bac-7160-4506-84f5-35c25ef2c890;30.11.2015;et;Lennuohutuse järelevalve süsteem;Sertifikaadi või loa taotlemine;LA-007;Lennuohutuse järelevalve infosüsteem LOIS võimaldab lennundusettevõtjatel ja eraisikutel mugavalt ning kiirelt esitada Lennuametile elektroonselt taotlusi neile vajalike tegevuslubade ja -sertifikaatide saamiseks. ;Lennundus
171;25.06.2015;c7fa4c0f-e06c-4075-adab-392d46323641;30.11.2015;et;Lennumeeskonna liikmete lubade taotlemine;;LA-008;Lennumeeskonna liikmete lubade taotlemine;Lennundus
172;25.06.2015;eac3f6e8-bd40-4d81-b682-cebc6b1f5a31;30.11.2015;et;Lennundustehnilise töötaja loa taotlemine;;LA-009;Lennundustehnilise töötaja loa menetlemine;Lennundus
173;25.06.2015;949227bb-6eb7-4287-a8e4-9218bf1eb697;30.11.2015;et;Kontrollpiloodi tunnistuste ja lubade taotlemine;;LA-010;Kontrollpiloodi tunnistuste ja lubade taotlemine;Lennundus
174;25.06.2015;dbd50b4e-b08b-428e-96a4-2d8d59c4dbed;30.11.2015;et;Lennujuhi loa taotlemine;;LA-011;Lennujuhtidele, lennujuhi õpilastele ja lennuinformaatoritele väljastatakse lennunduslube vastavalt Komisjoni määruse nr 805/201117 ja majandus- ja kommunikatsiooniministri 22.08.2005 määruse nr;Lennundus
175;25.06.2015;b91011a7-62aa-40be-9c4d-f71fe9fb35b5;30.11.2015;et;Tervisekontrolli taotluste esitamine;;LA-012;Tervisekontrolli taotluste esitamine;Lennundus
176;25.06.2015;6f48e3cd-c254-4f42-864d-cdc134d55778;7.12.2015;et;Lennunduskoolituste taotluste esitamine;;LA-013;Lennunduskoolituste taotluste esitamine;Lennundus
177;25.06.2015;76a0ff57-08ab-4880-8c01-e5070e75fc4d;30.11.2015;et;Lennundustehnika taotluste esitamine;;LA-014;Lennundustehnika taotluste menetlemine;Lennundus
178;25.06.2015;c3ca0b1a-5e29-4f3b-b1b0-0207e8eeea15;30.11.2015;et;Aeronavigatsiooniteenuse osutaja sertifikaadi taotluse esitamine;;LA-015;Vastavalt Euroopa Parlamendi ja Nõukogu määrusele (EÜ) nr 550/2004  peavad kõik  aeronavigatsiooniteenuse osutajad olema sertifitseeritud.;Lennundus
179;25.06.2015;2e60b07b-4139-4de2-9a1d-6e19ff82e37c;30.11.2015;et;Lennujuhtimis- ja raadionavigatsiooniseadmete sertifitseermise taotluse esitamine;;LA-016;Sertifitseerimisele kuuluvad kõik lennunduses kasutatavad maapealsed side-, navigatsiooni-, seire-, lennujuhtimis-, meteo- ja salvestusseadmed. ;Lennundus
180;25.06.2015;3d2ae973-8d26-484c-83f8-66937a0584a2;30.11.2015;et;Lennuvälja või kopteriväljaku sertifikaadi taotluse esitamine;;LA-017;Sertifitseerimisele kuuluvad lennuväljad ja kopteriväljakud, mis on avatud rahvusvaheliseks lennuliikluseks ning mida kasutatakse ärilises lennutegevuses, üldlennunduses ning koolitus-, katse- ja kontroll-lendudeks.;Lennundus
181;25.06.2015;bb59ff77-25dd-4097-84d5-9da98b2c601a;30.11.2015;et;Kõrgehitiste ja rajatiste kooskõlastamine;;LA-019;Kõrgehitiste ja rajatiste kooskõlastamine;Lennundus
182;25.06.2015;6479ebd9-c182-43b1-84de-f1077593a5fa;30.11.2015;et;Funktsionaalsetesse süsteemidesse tehtavatest muudatustest teatamine;;LA-020;Aeronavigatsiooniteenuse osutajad, lennuliiklusvoo juhtimise ja õhuruumi korraldamise eest vastutavad organisatsioonid peavad Lennuametit teavitama kõikidest kavandatud, ohutusega seotud muudatustest oma funktsionaalsetes süsteemides.;Lennundus
183;25.06.2015;d518122d-9a62-496b-8cc5-57a53591e684;30.11.2015;et;Lennuettevõtja sertifikaadi taotlemine;;LA-022;Lennuettevõtja sertifikaadi taotlemine;Lennundus
184;25.06.2015;ba69802b-51c6-448b-b08b-20034e765797;1.12.2015;et; Vastavushindamisasutusena tegutsemise loa väljastamine;;MKM-001;-;Erinõuetega tegevusalad
185;25.06.2015;7a663363-45f7-425c-ba2e-13ee8d1e3552;4.12.2015;et;Ehitisregistris registreeritud vallasvara;;MKM-049;Ehitisregistri veebilehel saab iga inimene kontrollida oma ehitiste registris olemist.;Eluase
186;25.06.2015;6b9db8dc-4276-4346-9d14-edfe3befb91e;2.12.2015;et;Kinnistul paiknevad Ehitisregistris registreeritud ehitised;;MKM-046;Ehitisregistri veebilehel saab igaüks kontrollida, kas tema kinnistul paiknevad ehitised on registrisse kantud. ;Eluase
187;25.06.2015;28fc6cc4-bb25-4b75-8736-60d1be821e52;2.12.2015;et;Registreeringute ja lubadega seotud otsingud majandustegevuse registrist;;MKM-017;Võimalus otsida majandustegevuse registris registreeritud ettevõtjaid  ja nende kehtivaid registreeringuid. ;Ettevõtlus
188;25.06.2015;a2587470-65ab-4358-9565-7bef42aa9cc7;1.12.2015;et;Tegevusloa otsing majandustegevuse registrist;;MKM-006;Teenus võimaldab otsida Majandustegevuse registris (MTR) registreeritud ettevõtjaid ja nende tegevuslubasid.;Erinõuetega tegevusalad
189;25.06.2015;3929c543-2ba8-49f8-9465-e946829d96a1;10.12.2015;et;Avalike teenuste pakkumise arendamiseks toetuse andmine;;MKM-007;Teenus võimaldab taotleda inveteeringut, et muuta avalike teenuste pakkumine kättesaadavamaks, kasutajakesksemaks ja nutikamaks.;Riigi infosüsteemide kasutamine
190;16.07.2015;c64b7539-bc33-46d2-9943-92a3f4e0dd52;10.12.2015;et;Teenuste kirjeldamine teenuste kataloogis;;MKM-044;Suunatud asutustele, kes saavad standardiseeritud kujul kirjeldada avalikke teenuseid.;Avalike teenuste arendamine
191;24.07.2015;80b2e36a-73f4-4b9d-a006-8812ea25d402;1.12.2015;et;Läänemere Strateegia programm;Euroopa Liidu rahaliste vahendite kasutamine;MKM-011;EL algatus piiriüleste e-teenuste projektide võimaluste väljaselgitamiseks digitaalse ühtse siseturu valdkonnas;Avalike teenuste arendamine
192;28.08.2015;d80bb39b-07e6-4e69-a08a-5eb11b8aa612;7.12.2015;et;Ettevõtja otsing majandustegevuse registrist;Ettevõtja majandustegevuse üle arvestuse pidamine;MKM-030;Avalik kasutaja saab otsida majandustegevuse registrisse kantud ettevõtjate kohta käivaid andmeid ;Erinõuetega tegevusalad
193;16.09.2015;22cbc98e-a96a-4020-9785-bdf6cb134e52;2.12.2015;et;Majandustegevusteade alkohoolse joogi jaemüügiks;Alkohoolse joogi jaemüügiga alustamine;MKM-031;Ettevõtja esitab enne alkohoolse joogi jaemüügiga alustamist registripidajale teate ;Erinõuetega tegevusalad
194;6.10.2015;1a2dd6f2-f847-4505-9b17-cec292536c12;2.12.2015;et;Majandustegevusteade alkohoolse joogi hulgimüügiks;Alkohoolse joogi hulgimüügiga alustamine;MKM-032;Ettevõtja esitab enne alkohoolse joogi hulgimüügiga alustamist registripidajale teate ;Erinõuetega tegevusalad
195;6.10.2015;febd2733-f1f2-4107-add6-e89689c3442a;2.12.2015;et;Majandustegevusteade tubakatoote jaemüügiks;Tubakatoote jaemüügiga alustamine;MKM-033;Ettevõtja esitab enne tubakatoote jaemüügiga alustamist registripidajale teate ;Erinõuetega tegevusalad
196;6.10.2015;6a33d990-eca3-43c2-84c0-7588b5dc75cc;2.12.2015;et;Majandustegevusteade tubakatoote hulgimüügiks;Tubakatoote hulgimüügiga alustamine;MKM-034;Ettevõtja esitab enne tubakatoote hulgimüügiga alustamist registripidajale teate ;Erinõuetega tegevusalad
197;6.10.2015;1f205905-e0bc-4bcc-a37d-a90c53c40ea7;2.12.2015;et;Majandustegevusteade kahjuritõrjega tegelemiseks;Kahjuritõrjega alustamine;MKM-035;Ettevõtja esitab enne kahjuritõrjega alustamist registripidajale teate ;Erinõuetega tegevusalad
198;6.10.2015;252c820c-71e0-4111-8c5f-d4af72310675;2.12.2015;et;Majandustegevusteade ehitamiseks;Ehitusteenuse osutamisega alustamine;MKM-036;Ettevõtja esitab enne ehitamisteenuse osutamisega alustamist registripidajale teate ;Erinõuetega tegevusalad
199;6.10.2015;86b2d76d-05ef-4a67-96f5-e97399e13f29;2.12.2015;et;Majandustegevusteade sideteenuse osutamiseks;Sideteenuse osutamisega alustamine;MKM-037;Ettevõtja esitab enne sideteenuse osutamise alustamist registripidajale teate ;Erinõuetega tegevusalad
200;6.10.2015;75cf4c1d-dd75-4113-818f-b60c39bf79ad;2.12.2015;et;Majandustegevusteade kaubandusliku loterii korraldamiseks;Kaubandusliku loterii korraldamisega alustamine;MKM-038;Ettevõtja esitab enne kaubandusliku loterii korraldamisega alustamist registripidajale teate ;Erinõuetega tegevusalad
201;6.10.2015;72ca9add-b33b-4308-a19b-4f5382b5546c;2.12.2015;et;Majandustegevusteade tulekustuti hooldamiseks ja tuletõrje voolikusüsteemi kontrollimiseks ja hooldamiseks;Tuleohutuse valdkonnas teenuse osutamisega alustamine;MKM-039;Ettevõtja esitab enne tuleohutuse valdkonnas teenuse osutamisega alustamist registripidajale teate;Erinõuetega tegevusalad
202;6.10.2015;6c02a302-8a5f-477f-94df-ab8c2cd809ac;2.12.2015;et;Majandustegevusteade reisiettevõtjana tegutsemisks;Reisiettevõtjana tegutsemisega alustamine;MKM-040;Ettevõtja esitab enne reisiettevõtjana tegutsemisega alustamist registripidajale teate ;Erinõuetega tegevusalad
203;6.10.2015;cefc2ab9-0055-413d-9d1f-021feebb46c5;2.12.2015;et;Majandustegevusteade renditööjõu vahendamiseks ja tööjõu pakkumiseks;Renditööjõu vahendajana ja tööjõu pakkumisega tegutsemisega alustamine;MKM-041;Ettevõtja esitab enne renditööjõu vahendamisega ja tööjõu pakkumisega tegevuse alustamist registripidajale teate;Erinõuetega tegevusalad
204;13.10.2015;ab857548-f0e9-43f6-a1c6-785b8d0bb290;14.10.2015;et;Mereentsüklopeedia;Terminite selgitamine;VTA-050;Mereviki ehk mereentsüklopeedia on mereteemaliste terminite, sündmuste, objektide, isikute jmt avalik andmekogu.;Merendus
205;14.10.2015;af3e374d-63e7-431b-b4a9-66cd5ca50a03;1.12.2015;et;Andmekogu RIHAs registreerimine;Andmekogu RIHAs registreerimine;RIA-032;Andmekogu RIHAs registreerimine;Riigi infosüsteemide kasutamine
206;14.10.2015;153bca0e-fe68-45e9-a4b9-fc3e518f57e0;24.11.2015;et;Asutuse liitumine RIHAga;Asutuse RIHAs registreerimine;RIA-033;Asutuse liitumine Riigi Infosüsteemi Haldussüsteemiga;Riigi infosüsteemide kasutamine
207;14.10.2015;fa939201-b299-4d87-9c22-edc457eabb90;1.12.2015;et;Ametlike dokumentide infrastruktuuri teenus;;RIA-034;Ametlike dokumentide infrastruktuuri teenusega liitumine;Riigi infosüsteemide kasutamine
208;14.10.2015;676395b6-5c7f-44d3-8948-9e4c6c4bd523;28.10.2015;et;Struktuurfondide IKT rahastustaotluse esitamine;;RIA-035;Euroopa Liidu struktuuritoetustega toetatakse majanduse arengut ning vähendatakse arenguerinevusi Euroopa regioonide vahel. Struktuuritoetuse infosüsteem on elektrooniline keskkond toetuste taotlemiseks Euroopa Liidu struktuurifondidest ;Avalike teenuste arendamine
209;23.10.2015;0603a164-8ec5-4a6d-b46f-3321be78b7e9;30.11.2015;et;Lennuohutust mõjutavast juhtumist teatamine;;LA-023;Lennuohutust mõjutavast juhtumist teatamine;Lennundus
210;27.10.2015;0400cadd-5d87-4ab8-b6a6-9bb789c55729;14.12.2015;et;Teenuste otsing teenuste kataloogist;;MKM-045;Suunatud kodanikele ja ettevõtjatele, kes soovivad standardiseeritud kujul otsida informatsiooni avalike teenuste kohta.;Riigi infosüsteemide kasutamine
211;2.11.2015;2d74e605-e6c6-417c-be88-798f528b49e7;5.11.2015;et;Juhtimisõigust tõendava dokumendi väljastamine;;MA-035;Juhtimisõigust  tõendava dokumendi andmete kandmine liiklusregistrisse ja B, AM, A1, A2, A, C1, C1E, C, CE, D1, D1E, D, DE, T kategooria ja jalgratturi, vedurijuhi ning trammijuhi  juhiloa väljastamine ;Liiklus ja liiklusvahendid
212;2.11.2015;b28ea70c-4b04-4c09-8349-5c98713b68e7;30.11.2015;et;Riigi kinnisvara valitseja registreerimine;;RM-001;Riigi kinnisvara valitseja ja volitatud asutuse registreerimine.;Riigi kinnisvara
213;2.11.2015;d4818954-4c3c-48ad-a566-9e6cc42d9c5d;7.12.2015;et;Riigiasutuste arveldused portaalis E-riigikassa;Riigiasutuste maksed ja arveldused (kassaline teenindamine);RM-003;E-riigikassa on Interneti rakendus, mille vahendusel riigiasutustel on võimalik tööpäevadel sooritada makseid, jälgida laekumisi ning esitada ja saada teatiseid ja aruandeid.;Riigi rahandus
214;3.11.2015;1335be89-2682-4be2-8e49-afad82622e8a;3.11.2015;et;Tuleohutuse enesekontrolli aruannete esitamine;;RES-201;Ehitise valdaja koostab tuleohutusaruande ehitise kohta, kus esineb kõrgendatud tulekahjuoht, viibib palju inimesi ja võib tekkida suur varaline kahju. Tuleohutusaruanne tuleb esitada üks kord aastas Päästeametile. (TuOS §4);Ohutus
215;3.11.2015;23859603-62f3-49a6-88b8-35cfcb0bc284;18.11.2015;et;Ettevõtete majandusnäitajad (kvartal);Statistika;STAT-001;Statistikatöö eesmärk on anda olulisemate majandusnäitajate põhjal (müügitulu, varud, investeeringud, tööhõive) ülevaade kaupu ja mittefinantsteenuseid tootvate ettevõtete majandustegevusest.;Ettevõtlus
216;3.11.2015;af4672d1-4f0c-47aa-9ec4-d46a1f6d6e63;26.11.2015;et;Eesti statistika aastaraamat;Statistika;STAT-002;Kogumiku eesmärk on anda statistika põhjal kokkuvõtvat teavet Eesti ühiskonnas aset leidvate trendide kohta nii keskkonna, rahvastiku, sotsiaalelu kui ka majanduse valdkonnas. http://www.stat.ee/90732;Statistika
217;4.11.2015;b1723fe3-0d35-41d9-aad0-7a7243ef74e1;7.12.2015;et;Valitsussektorisse kuuluvate üksuste finantsinfo avaandmetena jagamine;Jooksev raamatupidamine;RM-004;Valitsussektorisse kuuluvate üksuste finantsinfo (varad, kohustused, tulud ja kulud) avaandmetena avalikustamise portaal;Raamatupidamine ja aruandlus
218;4.11.2015;0d32d14a-0cdc-43a6-a46a-f9e927af74d7;1.12.2015;et;Inglise-eesti meresõnaraamat;;VTA-051;Meresõnaraamatu abil on lihtne tõlkida merendusega seotud tegevusvaldkondi hõlmavaid termineid inglise keelest eesti keelde või eesti keelest inglise keelde.;Merendus
219;4.11.2015;0b005b7a-2728-462f-86a8-9989ca1d8b45;12.11.2015;et;Laevade opereerimisega seotud dokumentide edastamine;;VTA-052;Elektroonilise mereinfosüsteemi (EMDE) rakendus on loodud merendusega seotud teadete ja dokumentide koostamise, esitamise ja kontrolli lihtsustamiseks.;Merendus
220;6.11.2015;f9a941f8-7a53-4250-929e-dfbb66a5cad2;2.12.2015;et;Haridussilm.ee - haridus- ja teadusstatistika avaldamine;;HTM-001;"Keskkonna eesmärk on anda kõigile inimestele kasutajasõbralik juurdepääs haridusandmetele ning võimalus soovi korral ise koostada statistilisi aruandeid.  Statistika järgmistes valdkondades: alus- ja üldharidus; kutseharidus; kõrgharidus;";Haridus
221;6.11.2015;5e823009-115d-43e3-bdc3-bb6ada3b4ae7;2.12.2015;et;Koolieelsete lasteasutuste tegevus- või koolitusloa väljastamine;lasteaia asutamine ;HTM-002;Lasteaedu võivad asutada nii kohalikud omavalitsused kui eraõiguslikud isikud, kes taotlevad selleks haridus- ja teadusministeeriumilt tegevusluba. Seda saab teha ministeeriumi kodulehel leitaval blanketil.;Haridus
222;6.11.2015;494aae60-e244-41e6-a667-fe0642fc1621;2.12.2015;et;Üldhariduskooli tegevus- või koolitusloa väljastamine;õppeasutuse loomine;HTM-003;Koole võivad asutada nii kohalikud omavalitsused kui eraõiguslikud isikud, kes taotlevad selleks haridus- ja teadusministeeriumilt tegevusluba. Seda saab teha ministeeriumi kodulehel leitaval blanketil.;Haridus
223;6.11.2015;92283bd2-4b51-4ac0-b4d9-e4c0ea102a92;2.12.2015;et;Täiskasvanute koolitusasutuste tegevus- või koolitusloa väljastamine;õppeasutuse loomine;HTM-004;Tegevus- ja koolitusluba saavad taotleda kõik täiskasvanuhariduse andmisest huvitatud asutused.;Haridus
224;6.11.2015;643725c0-fde1-4346-8e89-79317ac3f1e6;2.12.2015;et;Huvikoolidele tegevus- või koolitusloa andmine;õppeasutuse loomine;HTM-005;Huvikoole võivad asutada nii kohalikud omavalitsused kui eraõiguslikud isikud, kes taotlevad selleks haridus- ja teadusministeeriumilt tegevusluba. Seda saab teha ministeeriumi kodulehel leitaval blanketil.;Haridus
225;6.11.2015;cdda014a-785c-45a9-972a-bbe97c770770;2.12.2015;et;Kutseõppeasutustele õppe läbiviimise õiguse andmine;õppeasutuse loomine;HTM-006;Kutsekoole võivad asutada nii kohalikud omavalitsused kui eraõiguslikud isikud, kes taotlevad selleks haridus- ja teadusministeeriumilt tegevusluba. Seda saab teha ministeeriumi kodulehel leitaval blanketil.;Haridus
226;9.11.2015;4e9695c0-109c-4e66-9414-07b539010ed5;16.11.2015;et;Kliendi infopäringutele vastamine;;MA-036;Maanteeameti avalike teenuste toetus ja tugi;Liiklus ja liiklusvahendid
227;10.11.2015;2d6797e6-f342-48b7-94ca-8637879509b3;27.11.2015;et;Julgestusmeetmeid kohaldava isiku tunnustamine;;LA-024;Isikute, kes teostavad isikute, käsipagasi, kaasas olevate esemete, registreeritud pagasi, kauba ja/või posti, lennuettevõtja posti ja saadetiste, pardavarude, lennuvälja varude ning sõidukite kontrolli esmane tunnustamine.;Lennundus
228;10.11.2015;354fcde2-9567-46a2-840f-315cbbdf2309;27.11.2015;et;Kokkuleppelise esindaja tunnustamine;;LA-025;Kokkuleppelise esindaja tunnustamine Lennuameti poolt;Lennundus
229;10.11.2015;04d54071-1eaf-4d2c-acfc-1e3f1bee72c9;27.11.2015;et;Tuntud saatja tunnustamine;;LA-026;Tuntud saatja tunnustamine Lennuameti poolt.;Lennundus
230;10.11.2015;a4a023ae-2485-42d8-abbb-f866eeb09213;27.11.2015;et;Pardavarude kokkuleppelise tarnija tunnustamine;;LA-027;Pardavarude kokkuleppeline tarnija, kelle julgestusmeetmed vastavad Eesti tsiviillennunduse julgestuskäsiraamatus sätestatud julgestusalastele nõuetele määral, mis lubab tarnida pardavarud otse õhusõiduki pardale. ;Lennundus
231;10.11.2015;f5e9c484-9776-4115-9150-5e0aff6b1d14;1.12.2015;et;Andmeedastus rahvusvahelistele organisatsioonidele;Statistika;STAT-003;Rahvusvahelised organisatsioonid (OECD, ÜRO, FAO, UNESCO jt), millega Eesti riik on ühinenud, vajavad riiklikku statistikat rahvusvaheliste võrdluste koostamiseks. Seetõttu saadetakse statistikaametile regulaarselt küsimustikke eri valdkondi;Statistika
232;10.11.2015;60d41e89-c690-44f6-b2ef-9ed5ed9a5663;12.11.2015;et;Veeteede Ameti Teataja;;VTA-053;Elektrooniliselt kättesaadav broşüür, kus avaldatakse merendusalast teavet. Ilmub kord kvartalis.;Merendus
233;11.11.2015;e6339aeb-4cc8-4f19-8aaa-9471ef4777c0;12.11.2015;et;Navigeerimisolusid tutvustav teatmik (Lootsiraamat);;VTA-054;Lootsiraamat on mingi merepiirkonna või sisevete navigeerimisolusid tutvustav teatmik, kus on vajalikud joonised, skeemid ja fotod. ;Merendus
234;12.11.2015;25cac076-9e0c-4cf8-bacb-3c87daf967ef;12.11.2015;et;Veebikaardikeskkond Nutimeri;;VTA-055;Veebikaardirakendus Nutimeri on universaalne veebilehitsejapõhine keskkond nutitelefoni, tahvelarvuti või arvutiga kasutamiseks. Rakendus koondab olulise osa navigatsiooniteabest, kuid on kasulik kõigile, kes puutuvad kokku merega. ;Merendus
235;13.11.2015;4f41ae72-a3ea-4519-97a5-1847328c1cd4;18.11.2015;et;ETV;Info saamine;ERR-001;Teleprogramm;Side ja meedia
236;16.11.2015;4f4e67d7-41d8-463b-aab6-cd36e0fac463;16.11.2015;et;Mootorsõidukijuhi, trammijuhi ja vedurijuhi riikliku teooriaeksami vastuvõtmine;;MA-037;Teooriaeksami vastuvõtmine mootorsõiduki, trammi või veduri  juhtimisõiguse taotlemisel.;Liiklus ja liiklusvahendid
237;16.11.2015;693a7781-92ca-4eb4-8424-43fcb117a1e9;1.12.2015;et;Juhendaja tunnistuse väljastamine;;MA-039;Teenus võimaldab isikul taotleda mootorsõidukijuhi juhendamise õigust ja tunnistust.;Liiklus ja liiklusvahendid
238;17.11.2015;f992bebd-4dd6-4497-9aa2-8b369ddafb51;23.11.2015;et;Raamatumüük;;EAM-001;Arhitektuurimuuseumi jm arhitektuurialaste trükiste müümine muuseumi poes;Kultuur
239;17.11.2015;11751e1d-4005-49c9-8c35-2e9228228bc1;23.11.2015;et;Piletite müük;;EAM-002;Arhitektuurimuuseumi näituste piletite müük;Kultuur
240;17.11.2015;f37f9675-a91a-4ab7-a62b-c2aa15c999fc;23.11.2015;et;Ruumide broneerimine;;EAM-003;Arhitektuurimuuseumi ruumide kasutamine ajal, mil näituseid vastavas saalis ei toimu;Riigi kinnisvara
241;17.11.2015;2727cf00-0c61-436c-b95e-53b4726fb8a1;23.11.2015;et;Ekskursioonide tellimine ja giiditeenus;;EAM-004;Arhitektuurimuuseumi näituste tutvustamine gruppidele;Turism
242;17.11.2015;d51d213e-b086-4bd6-9a43-d4c60fb29d36;23.11.2015;et;Haridusprogrammide tellimine;;EAM-005;"Haridusprogrammide läbiviimine muuseumipedagoogiga üldhariduskoolide õpilastele; koolitused õpetajatele; linnalaagrid";Haridus
243;17.11.2015;271ac5d3-09a7-45fe-a2f0-b0fed6e61c51;23.11.2015;et;Kirjastamine;;EAM-006;Arhitektuurialaste trükiste publitseerimine;Kirjastamine
244;17.11.2015;029dd32c-5da9-4314-98d1-7025d57dba91;23.11.2015;et;Raamatukogu;;EAM-007;Arhitektuurimuuseumi raamatukogu kasutamine;Kultuur
245;17.11.2015;6e745d87-ff2c-4cc3-ba1d-f30ad624f64e;23.11.2015;et;Arhitektuurimuuseumi kogude kasutamine;;EAM-008;Arhiiv-, maketi-, mööbli-, kunsti-, foto- ja filmikogu kasutamine uurimustööks või isiklikuks otstarbeks;Haridus
246;17.11.2015;60a3373e-5ca3-4b02-b35c-6e7d8dc935a5;23.11.2015;et;Näituste laenutamine;;EAM-009;Arhitektuurimuuseumi korraldatud näituste laenutamine;Kultuur
247;17.11.2015;d9de3a16-fc9f-4651-9452-7847260bbae5;23.11.2015;et;Näituste eksponeerimine;;EAM-010;Muuseumi näitusepindade kasutamine näitusteks;Kultuur
248;18.11.2015;63300895-dc7c-4626-9d7e-aa6a2c42b052;1.12.2015;et;Konfidentsiaalsete andmete kasutamine teadustööks;Teadustööde tegemine;STAT-004;Teaduslikel eesmärkidel võimaldatakse lepingu alusel kasutada konfidentsiaalseid andmeid.;Teadus
249;18.11.2015;b35f1ab7-1aee-428a-a192-46ff53229232;2.12.2015;et;Teabenõue Statistikaametile;Statistika;STAT-005;Teenus võimaldab saada infot SA ja Eurostati avaldatud statistika, toodete ja teenuste kohta.;Avalike teenuste arendamine
250;19.11.2015;173d5afc-7989-4218-9f3c-757b164e8428;23.11.2015;et;Arhivaalide kirjeldusinfoga veebis tutvumine;;RA-001;Kõik huvilised saavad tutvuda andmebaasides olevate arhiivimaterjalide kirjeldustega (sh pealkiri, ajalugu jms).;Arhiivindus
251;19.11.2015;62f86dbc-c1a8-4aff-8bc5-2d9452c3babb;23.11.2015;et;Arhivaalide digikujutistega veebis tutvumine;;RA-002;Kõik huvilised saavad tutvuda digiteeritud arhiivimaterjalide digikujutistega.;Arhiivindus
252;19.11.2015;3e8e1f83-461d-415c-86f7-50207593b14c;23.11.2015;et;Arhivaalide tellimine uurimissaali;;RA-003;Arhivaale saab tellida Rahvusarhiivi uurimissaalidesse Tallinnas, Tartus, Rakveres, Valgas, Kuressaares ja Haapsalus.;Arhiivindus
253;19.11.2015;8b5c3582-1c37-4e72-89c5-3886cbf8d45e;23.11.2015;et;Arhivaalide tellimine kauglaenutusse;;RA-004;Arhivaale saab tellida teistes linnades olevatesse uurimissaalidesse (Tallinn, Tartu, Pärnu muuseum, Viljandi muuseum).;Arhiivindus
254;19.11.2015;d77ddd2f-f331-41cc-b54a-eeb8dc87b9d7;23.11.2015;et;Arhivaalidest analoogkoopiate tellimine;;RA-005;Arhivaalidest saab tellida erinevas mõõdus ja omadustega koopiaid paberile ja filmilindile.;Arhiivindus
255;19.11.2015;f5103c71-5b6e-411b-b818-b2bfa04ee728;23.11.2015;et;Arhivaalidest digikoopiate tellimine (digiteerimine);;RA-006;Arhivaalidest saab tellida mitmesuguste parameetritega digikoopiate faile.;Arhiivindus
256;19.11.2015;654f7350-7c92-42cd-9100-0a5c43a0cd08;23.11.2015;et;Arhiiviteatiste väljastamine isikute õiguste ja tehingute tõestamiseks;;RA-007;Õiguste ja tehingute tõestamiseks väljastab Rahvusarhiiv riigilõivuga maksustatud arhiiviteatiseid, näiteks tööstaaşi tõestamiseks, omandi tõestamiseks, biograafiliste andmete tõestamiseks jms.;Arhiivindus
257;19.11.2015;bee6e7c7-a8c3-4faf-ada7-d56007380642;23.11.2015;et;Vastuskirjade väljastamine vastusena isikute muudel eesmärkidel esitatud päringutele (mitte õiguste ja tehingute tõestamiseks);;RA-008;Juhul kui ei ole vaja ametlikult õigusi ja tehinguid tõestada, väljastab Rahvusarhiiv teenustasupõhiseid vastuskirju, näiteks genealoogilised, koduloolised vms päringud.;Arhiivindus
258;19.11.2015;7c31ede6-45b9-4077-a066-4c104f968934;23.11.2015;et;Arhivaalide baasil publikatsioonide avaldamine ja müük;;RA-009;Rahvusarhiiv koostab ja avaldab huvitavamate ja tähtsamate arhivaalide baasil üldsusele suunatud publikatsioone.;Arhiivindus
259;19.11.2015;9b5ede6e-3948-412f-bd02-d10aa7caccfe;23.11.2015;et;Kasutajatele ühisloomes osalemise võimaldamine;;RA-010;Rahvusarhiiv võimaldab kodanikel panustada oma vaba aega arhiivimaterjalide kirjelduste täiendamisse ühisloome vormis lihtsamatel, aga mahukatel teemadel, kus arhiivitöötajatel selleks ajaliselt võimalusi napib.;Arhiivindus
260;19.11.2015;5e3e2a45-3860-4aca-9162-00f3e385eee7;23.11.2015;et;Asutuste dokumendi- ja arhiivihaldusealane nõustamine;;RA-011;Rahvusarhiiv nõustab vajadusel kõiki asutusi dokumendi- ja arhiivihalduse küsimustes.;Arhiivindus
261;19.11.2015;2db5f5d6-b6d6-41be-8c2e-254c9a87bdb6;23.11.2015;et;Avalike asutuste liigitusskeemide kooskõlastamine;;RA-012;Rahvusarhiiv kooskõlastab avalike asutuste liigitusskeeme.;Arhiivindus
262;19.11.2015;677a4978-3be6-492b-af9a-951e8ebd3779;23.11.2015;et;Avalike asutuste dokumentide hindamine (arhiiviväärtusliku ainese väljaselgitamine);;RA-013;Rahvusarhiiv hindab avalike asutuste dokumentide arhiiviväärtuslikkust ja selgitab välja arhivaalid.;Arhiivindus
263;19.11.2015;1054d155-bfa9-4bef-bf33-50739d319713;23.11.2015;et;Avalike arhivaalide kogumine;;RA-014;Rahvusarhiiv võtab asutustelt igaveseks säilitamiseks vastu avalikud arhivaalid.;Arhiivindus
264;19.11.2015;d1c99131-d947-4293-9cc6-ce5c4f76ddbd;23.11.2015;et;Eraõiguslike isikute dokumentide hindamine;;RA-015;Rahvusarhiiv hindab olulisemate eraõiguslike isikute dokumentide arhiiviväärtuslikkust ja selgitab välja arhivaalid.;Arhiivindus
265;19.11.2015;4ffae90b-0b22-4c84-9814-58bc742c9f85;23.11.2015;et;Eraõiguslike isikute arhivaalide kogumine;;RA-016;Rahvusarhiiv võtab olulisematelt eraõiguslikelt isikutelt igaveseks säilitamiseks vastu avalikud arhivaalid.;Arhiivindus
266;19.11.2015;cdd17344-07a9-4a41-94ee-38260aad9baf;23.11.2015;et;Avalike asutuste tähtajaliste digitaaldokumentide säilitamine;;RA-017;Rahvusarhiiv säilitab oma digitaalarhiivis soovi avaldanud avalike asutuste tähtajalisi digitaaldokumente.;Arhiivindus
267;22.11.2015;43e5451b-f4c5-4cc9-8ce5-1b1f86052d4e;23.11.2015;et;FOKA registris andmete registreerimine;;KKA-001; Fluoritud kasvuhoonegaase ning osoonikihti kahandavaid aineid sisaldavate seadmete haldamise ja käitlustoimingute registreerimine;Keskkond
268;22.11.2015;0fba988e-1875-4117-a37e-e5e5f700c323;24.11.2015;et;Käitlemisloa väljastamine;;KKA-002;Fluoritud kasvuhoonegaase sisaldava toote, seadme ja süsteemi käitlemise loa taotlemine.;Keskkond
269;22.11.2015;687bf46c-dfe8-4b1e-bd04-a6905a0fcb8a;23.11.2015;et;Keskkonnatasu deklaratsiooni esitamine;;KKA-003;Isikud, kellele laieneb saastetasude, vee erikasutusõiguse tasu ja maavara kaevandamisõiguse tasu maksmise kohustus peavad esitama keskkonnatasu deklaratsiooni.;Keskkond
270;22.11.2015;0af6e54f-914a-4bc3-9129-dcd2cf8efe86;23.11.2015;et;FOKA registris hooldustöötajate registreerimine;;KKA-004;Fluoritud kasvuhoonegaase ning osoonikihti kahandavaid aineid sisaldavate seadmete hooldustööde teostajate avalikku nimistusse kandmine;Keskkond
271;22.11.2015;606adf55-408a-4abb-bece-4a509925ff18;21.12.2015;et;Ohtlike jäätmete käitluslitsentsi väljastamine;;KKA-005;Füüsilised ja juriidilised isikud, kes soovivad käidelda teiste isikute poolt tekitatud ja üleantud ohtlikke jäätmeid majandus- või kutsetegevuses.;Jäätmed
272;24.11.2015;508c5540-fe72-4e0d-a6c8-c0798b56f302;21.12.2015;et;Õigusnõustamine portaalis Juristaitab;veebilehe loomine;JUM-001;Veebileht Juristaitab aitab leida vastuseid igapäevaelu õigusküsimustele ning ka dokumendivormide näidiseid.;Õigus
273;24.11.2015;77770aa8-679f-43d6-9093-8e94e0340a0e;26.11.2015;et;Päringute sooritamine laevakinnistusraamatu teabesüsteemis;;JUM-002;Laevakinnistusraamatu teabesüsteemis on võimalik päringuid sooritada Eesti laevaregistrisse ning ehitatavate laevade registrisse kantud laevade kohta. ;Riigi infosüsteemide kasutamine
274;24.11.2015;f60a3511-6f6a-465e-b916-7066e5c278d8;27.11.2015;et;Päringute sooritamine abieluvararegistri teabesüsteemis;;JUM-003;Abieluvararegistri veebipäringust saab otsida abieluvararegistrisse kantud andmeid abikaasa ees- ja perekonnanime, isikukoodi või registrikaardi numbri järgi.;Riigi infosüsteemide kasutamine
275;26.11.2015;c965e275-ba9b-49cd-a9ad-bbd97bf1d70e;26.11.2015;et;Teabenõude esitamine;;EKEI-001;Võimalik esitada teabenõue;Erinõuetega tegevusalad
276;30.11.2015;40ff5368-4941-4ab9-87d3-ae402804fcad;1.12.2015;et;Andmevahetus ning päringud kinnistusraamatust ametiasutustele;;JUM-004;Kinnistusraamatust on x-tee kaudu võimalik vahetada andmeid ning teha päringuid erinevatel ametiasutustel (nt e-notar, maaamet, politsei, ehitisregister jt).;Riigi infosüsteemide kasutamine
277;30.11.2015;9afee13f-0f18-4c04-be5f-9302646c0405;30.11.2015;et;Kinnistusraamatu XML teenus;;JUM-005;XML teenus on mõeldud kasutajatele, kellel on vajadus teha Kinnistusraamatust suuremal hulgal päringuid või hoida andmeid oma andmebaasis.;Riigi infosüsteemide kasutamine
278;1.12.2015;d8f0a3d8-8249-42f0-b03c-ad84194f83fe;1.12.2015;et;Mootorsõidukijuhi õpetaja tunnistuse väljastamine;;MA-040;Teenus võimaldab pärast mootorsõidukijuhi õpetaja alus- või täienduskoolituse läbimist või pärast kutseeksami sooritamist taotleda mootorsõidukijuhi õpetaja tunnistust.;Liiklus ja liiklusvahendid
279;1.12.2015;4785792e-ccdf-4522-b21a-80e824ab62fe;1.12.2015;et;Kinnistamisavalduste esitamine Kinnistuportaalis;;JUM-007;Kinnistuportaali (KAEP, kinnistuportaal.rik.ee ) põhiliseks ülesandeks on võimaldada isikul portaali vahendusel luua ning esitada kinnistamisavaldust Kinnistusraamatu infosüsteemi KRIS4 automaatseks registreerimiseks ning edasiseks menetlemiseks;Riigi infosüsteemide kasutamine
280;1.12.2015;445b3ee7-3d23-4573-8df6-66c44d69bc88;1.12.2015;et;Päringute sooritamine kinnistusraamatu teabesüsteemis;;JUM-008;Teabesüsteemist saab otsida infot kinnistute kohta (kinnistute üldandmeid, pindala, omanikke, piiranguid ning kinnistuid koormavate piiratud asjaõiguste ja hüpoteekide andmeid). ;Riigi infosüsteemide kasutamine
281;1.12.2015;142b065b-0946-4804-a7cb-3deb7fd4c0b2;22.12.2015;et;Sõiduki - ja juhtimisõiguse andmete väljastamine (liiklusregister);;MA-041;liiklusregistri avalikele andmetele juurdepääsu võimaldamine  masinloetaval kujul ;Liiklus ja liiklusvahendid
282;2.12.2015;fac10639-c9d5-4d9b-835d-9383a8df1940;2.12.2015;et;Noortevaldkonna projektikonkursside korraldamine;;ENTK-001;Toetatakse erinevaid rohujuure projekte, mis annavad võimaluse noortele oma potentsiaali arendamiseks.;Noorsootöö
283;2.12.2015;2ab194d2-5a39-484a-a317-e1e6e32e4466;2.12.2015;et;Noortelaagrite korraldamine;;ENTK-002;Toetatakse nii püsi- kui projektlaagreid noortele;Noorsootöö
284;2.12.2015;efb9dead-7e08-486c-813d-18c030ee0e59;7.12.2015;et;Noortevaldkonna töötajate koolitamine;;ENTK-003;Pakutakse noortega töötavatele inimestele mitmekülgseid koolitusi, mis võimaldavad neil arendada oma ametialaseid teadmisi, oskusi ja hoiakuid. Koolitustel osalejatele väljastatakse vastavad tunnistused.;Noorsootöö
285;2.12.2015;11ae9bca-76b7-4afd-b381-827d1b4d976b;8.12.2015;et;Kaebuste menetlemine;;KI-001;Inimestel on võimalik pöörduda Keeleinspektsiooni, kui nad näevad EV keeleseaduse rikkumist.;Keel
286;2.12.2015;472a7223-3120-4c22-b92b-698459bd25ba;22.12.2015;et;Liiklusalase info edatamine riigi maanteedel toimuvast;;MA-042;www.tarktee.ee  kuvatakse riigimaanteede liikluspiirangute teavet ja võimaldatakse teekonna planeerimist.  Üleval on opratiivseid liiklusteateid ja taristu äärsete seireseadmete andmeid (nt teekaamerate pildid,  teeilmajaamade andmed jne).;Liiklus ja liiklusvahendid
287;2.12.2015;8d3cb8b1-ee79-421c-b753-77c5e534cebe;7.12.2015;et;Riikliku järelvalve teostamine keeleseaduse täitmise kohta;;KI-002;Keeleinspektsioon teostab regulaarset kontrolli avaliku teenistuse asutustes ja eraettevõtetes keelenõuete täitmise kohta.;Keel
288;2.12.2015;79334245-dbf8-4a6c-b579-9b7a83134eb4;7.12.2015;et;Tagasiside kodanikule;;KI-003;Keeleinspektsioon annab kodanikule tagasidet, kas teda huvitavas asutuses, olgu siis avalikus või era-, täidetakse keeleseadust või muid keelega seotud õigusakte.;Keel
289;2.12.2015;e10c12fc-1bd6-417e-8b29-eadf875628c9;8.12.2015;et;Teabenõudele vastamine;;KI-004;Kui kodanik soovib, tutvustab Keeleinspektsioon talle tema keeleseadusest tulenevaid õiguseid.;Keel
290;3.12.2015;7588a023-6f8e-4552-97bc-13c8c8815301;7.12.2015;et;Tarbijahinnaindeks;Statistika;STAT-006;Anda teavet tarbekaupade ja teenuste hindade muutumisest Eestis, mis võimaldab jälgida ja hinnata Eesti majanduses toimuvaid arenguid.;Majandus
291;3.12.2015;33763949-5c61-41e5-a211-c117496e9807;7.12.2015;et;Töötasu;Statistika;STAT-007;Statistikatöö eesmärgiks on anda teavet keskmiste kuu- ja tunnipalkade ning tööjõukulu kohta tegevusala, maakonna ja omaniku liigi järgi, et hinnata tööturul toimuvaid muutusi ja sisendi tööviljakuse mõõtmiseks.;Majandus
292;3.12.2015;fb8d86a3-7f96-44fb-bf22-2f17f2e08d54;7.12.2015;et;Rahvamajanduse arvepidamine (aasta);Statistika;STAT-008;Majanduslike otsuste vastuvõtmise eeldus nii riigi kui ka ettevõtte tasandil on pädeva ja tervikliku info olemasolu majanduses toimuvast. Riigi makromajandusliku keskkonna kirjeldamisel on olulised allikad mitmesugused rahvamajanduse näitajad.;Majandus
293;3.12.2015;f6a67549-ea8a-46c1-855d-212770c09379;7.12.2015;et;Rahvastik;Statistika;STAT-009;Statistikatöö eesmärgiks on anda teavet rahvastiku koosseisu, paiknemise ja toimuvate muutuste kohta. Saadud info on vajalik riigi juhtimiseks ja otsuseid toetavate teadustööde koostamiseks.;Rahvastik
294;3.12.2015;ea458871-a8d9-41dc-a098-6667ff7dc1be;7.12.2015;et;Kaupade väliskaubandus;Statistika;STAT-010;Teave Eesti väliskaubanduse kohta (kaubanduse üldmaht, detailsed andmed partneriikide ja kaupade kohta). Anda sisendit maksebilansi ja rahvamajanduse arvepidamise koostamise jaoks.;Majandus
295;3.12.2015;61f28d7e-fb8e-4b21-8df2-5cb993042ccb;7.12.2015;et;Töötud;Statistika;STAT-011;Teave töötute tegevuste kohta, nt mis perioodist hakati tegelema töö otsimise, ettevõtluse/talu rajamisega.;Sotsiaalelu
296;3.12.2015;5aed8b7d-f3ad-4817-a9ea-9d4ce83f3d0a;7.12.2015;et;Tänavasiltide ja kohanimede kontrollimine;;KI-005;Keeleinspektsioon kontrollib regulaarselt, nii kodanike palvel kui omal algatusel, tänavasiltide ja kohanimede vastavust kohanimeseadusele.;Keel
297;3.12.2015;f2bc12f0-d795-41c5-83ae-c3faafb9f193;7.12.2015;et;Avaliku teabe ja reklaamide monitoorimine;;KI-006;Keeleinspektsioon kontrollib regulaarselt, nii kodanike palvel kui omal algatusel, avaliku teabe ja reklaamide vastavust keeleseadusele.;Keel
298;3.12.2015;4bca024f-0d76-417b-be40-c9c97269c7bd;7.12.2015;et;Virtuaalne eesti keele õpe;;HTM-007;Keeleklikk.ee pakub võimalust asukohast sõltumata õppida eesti keelt, praegu kuni tasemeni A2. Leheküljel on mitmekülgsed õppematerjalid ja see pakub ka õpetajatuge, mis võimaldab teha individualiseeritud kodutöid ja saada tagasidet.;Keel
299;7.12.2015;9012273c-2179-4baa-b702-c160da05fe28;8.12.2015;et;Struktuuritoetuste rakendamine;;RM-005;Struktuurifondide operatiivinfosüsteem (SFOS);Välisvahendid
300;7.12.2015;174a2734-28b6-40b7-8c0a-f8ae5e5f1778;10.12.2015;et;Vanemahüvitise, peretoetuste ja kohustusliku kogumispensioni täiendavate sissemaksete taotlemine;lapse sünd, peretoetused ja kohustuslik kogumispension;SKA-001;Saab esitada taotluse vanemahüvitise ja peretoetuste saamiseks. Samuti taotleda täiendavate sissemaksete tegemist kohustuslikku kogumispensionisse. Toetustest, hüvitistest või kohustusliku pensionifondi täiendavatest sissemaksetest loobumiseks.;Rahvastik
301;7.12.2015;2c3510a6-823c-44bd-9545-d9a3d0de1875;22.12.2015;et;Minu esitatud taotlused sotsiaalkindlustusametile;;SKA-002;Teenuses näeb ülevaadet viimase 24 kuu jooksul sotsiaalkindlustusametile esitatud paber- ja e-taotlustest ning teile väljastatud otsustest.;Rahvastik
302;7.12.2015;4064292e-1c96-4491-90df-2ecff9942111;22.12.2015;et;Minu arvelduskonto muutmine sotsiaalkindlustusametis;;SKA-003;Teenuses saab sotsiaalkindlustusametile teada anda enda uue arvelduskonto numbri.;Rahvastik
303;7.12.2015;f375077c-95e4-44d1-991b-b4488449e918;10.12.2015;et;Elatisabi taotlemine;elatisabi;SKA-004;Elatisabi saab taotleda alaealist last üksi kasvatav vanem, kui ta on algatanud teise vanema vastu kohtumenetluse elatise väljamõistmiseks.;Rahvastik
304;7.12.2015;6de86079-241a-4957-ac50-1f1e39fed72b;10.12.2015;et;Puuetega inimeste sotsiaaltoetuste taotlemine;;SKA-005;Puuetega inimeste sotsiaaltoetust on õigus taotleda inimesel, kellel on olemas kehtiv puude raskusaste või kes on esitanud taotluse puude raskusastme tuvastamiseks.;Rahvastik
305;7.12.2015;f36bee61-84d6-4e50-9df6-30270c217d27;10.12.2015;et;Tulumaksuvabastuse taotlemine;;SKA-006;Tulumaksuvabastust saab taotleda, kui makstakse pensioni või hüvitist, millelt on võimalik tulumaks maha arvestada.;Rahvastik
306;7.12.2015;1cc87f04-a27f-4a5a-bb2d-406147200f76;10.12.2015;et;Arstliku ekspertiisi taotlemine;;SKA-007;Puude raskusastme või püsiva töövõimetuse tuvastamiseks on vaja läbida arstlik ekspertiis. ;Rahvastik
307;7.12.2015;22002027-0a62-4363-958c-5c270b5eee1f;10.12.2015;et;Erihoolekandeteenuse taotlemine;;SKA-008;Erihoolekandeteenused on mõeldud täisealisele inimesele, v.a ainult dementsuse diagnoosiga vanaduspensioniealistele, kellel on raskest, sügavast või püsivast psüühikahäirest tulenevalt välja kujunenud suurem vajadus kõrvalabile.;Rahvastik
308;7.12.2015;876722fd-8f43-4539-89d3-51493883703e;10.12.2015;et;Rehabilitatsiooniteenuse taotlemine;;SKA-009;Rehabilitatsiooniteenust saab taotleda puudega inimesele, et parandada tema iseseisvat toimetulekut, suurendada ühiskonda kaasatust ja soodustada töötamist või tööle asumist.;Rahvastik
309;7.12.2015;787f811d-030d-4a52-82ed-970d210d38e2;7.12.2015;et;Kutselise kalapüügilubade menetlemine;;AGRI-001;Kutselise kalapüügilubade taotluste vastuvõtmine, taotluste menetlemine, loa andmise või loa andmisest keeldumise kohta otsuste tegemine, taotlejate teavitamine ja lubade andmine;Kalandus
310;7.12.2015;ff53bed4-8115-414f-be80-78b45cbb5df6;9.12.2015;et;Kutselise kalapüügivõimaluste jaotamine;;AGRI-002;Kutselise kalapüügivõimaluste jaotamine kooskõlas kalapüügiseaduse 3. jaotisega, püügivõimaluste jaotamise kohta otsuste tegemine ja taotlejate teavitamine;Kalandus
311;7.12.2015;2af91d7a-2901-47e5-9f44-28a05e6e8db8;7.12.2015;et;Kutselise kalapüügiga seonduvate andmete kogumine;;AGRI-003;Kutselise kalapüügiga seonduvate andmete kogumine kooskõlas Vabariigi Valitsuse 15.12.2014 määrusega nr 186 ja kuvamine Maaeluministeeriumi kodulehel;Kalandus
312;7.12.2015;c50c3628-ae5e-47f3-b28a-215068188a16;9.12.2015;et;Kalalaevade riikliku registriga seonduvad teenused ja kalalaevatunnistuste andmine;;AGRI-004;Kalalaevade riikliku registriga seotud tegevused;Kalandus
313;7.12.2015;480269fe-916f-4538-9978-553594685c85;9.12.2015;et;Kalanduse infosüsteemi ja elektroonilise raporteerimise süsteemi (ERS) kliendirakenduse kaudu osutatavad teenused;;AGRI-005;Kaluri püügiloa alusel püüdjad saavad esitada andmed KIS-i veebi kaudu. Esmakokkuostjad võivad kasutada nii arvutisse laaditavat ERS klienti kui ka sisestada andmed veebis KIS-i.;Kalandus
314;7.12.2015;92c7e538-b4af-40d4-ba48-06c8e395ad3b;9.12.2015;et;Tootjaorganisatsioonide tunnustamine;;AGRI-006;Tegutsemiseks tunnustatud tootjaorganisatsioonina peab tulundusühistu taotlema riigilt tunnustuse;Kalandus
315;7.12.2015;56c84295-2edf-4d1f-8a6b-9756e7164339;9.12.2015;et;Euroopa Merendus- ja Kalandusfondi (EMKF) kontrolli ja õigusnormide täitmise tagamise, andmete kogumise ja integreeritud merenduspoliitika meetmetega seonduvad tegevused;;AGRI-007;Meetme raames taotlejaks olevad riigiasutused;Kalandus
316;7.12.2015;a374da16-06b3-429a-91ef-6a326b907676;9.12.2015;et;Sõjalise kauba sisseveolitsentsi väljaandmine;Strateegilise kauba vedu;MFA-001;Õiguse andmine sõjalise kauba toomiseks Eestisse litsentsis seatud tingimustel ;Erinõuetega tegevusalad
317;7.12.2015;88d40d51-879f-460f-9998-9ac21a90aac8;9.12.2015;et;Sõjalise kauba väljaveolitsentsi väljaandmine; Strateegilise kauba vedu;MFA-002;Õiguse andmine sõjalise kauba väljavedamiseks Eestist litsentsis seatud tingimustel;Erinõuetega tegevusalad
318;8.12.2015;dd31f6e8-853e-4dfc-b33a-f897ea4e7591;10.12.2015;et;Riigitöötaja iseteeninduskeskkond puhkuste, lähetuste, koolituste, varade ja majanduskulude seotud informatsiooni haldamiseks, kooskõlastamiseks ja kinnitamiseks.;;RTK-001;Teenusega saab: hallata puhkusegraafikut ja puhkusesoove, töötaja kasutuses olevate varade andmeid, teha nendega toiminguid (N: inventuurid), lähetuste ja kuluaruannete andmeid, koolitusplaane, majanduskulude hüvitisi;Töökeskkond ja personal
319;8.12.2015;77ea37cb-c287-4f0a-b624-05f1b4ba1d99;9.12.2015;et;Sõjalise kauba transiidilitsentsi väljaandmine;Strateegilise kauba vedu;MFA-003;Õiguse andmine sõjalise kauba transiidiks litsentsis seatud tingimustel;Erinõuetega tegevusalad
320;8.12.2015;2d10dd5c-4d95-4e49-8486-ef6da6e081f0;9.12.2015;et;Ettevõtja sertifitseerimine;Strateegilise kauba vedu;MFA-004;Strateegilise kaubaga tegeleva ettevõtja nõuetele vastavuse ja usaldusväärsuse hindamine;Erinõuetega tegevusalad
321;8.12.2015;34e4e3c8-c741-4172-8e03-6731df2345b5;9.12.2015;et;Sõjalise kauba vahendaja registreerimine;Strateegilise kauba vedu;MFA-005;Õiguse andmine sõjalise kauba vahendusega tegelemiseks.;Erinõuetega tegevusalad
322;8.12.2015;8e4373e8-190a-4235-ada2-90f8adb75d20;9.12.2015;et;Sõjalise kaubaga seotud teenuse osutamise litsentsi väljaandmine;Strateegilise kauba vedu;MFA-006;Sõjalise kaubaga seotud teenuse osutamine välisriiki või välisriigi teenusetarbijale;Erinõuetega tegevusalad
323;8.12.2015;f1ccaae0-c0ce-41c1-ac17-d36978ef7351;9.12.2015;et;Üldloa kasutajaks registreerimine;Strateegilise kauba vedu;MFA-007;Üldloa alusel toimub strateegilise kauba vedu ja teenuse osutamine lihtsustatud korras selles määratud tingimustel ning kaupade ja riikide osas. ;Erinõuetega tegevusalad
324;9.12.2015;0a27a6a7-47e4-4f2a-ada9-aea2995900fb;22.12.2015;et;Minule makstav pension, toetused ja hüvitised;;SKA-010;Teenuses näeb pensioni, toetuste ja hüvitiste summat, mis on määratud. Saab vaadata viimase 24 kuu jooksul tehtud makseid kuude lõikes.;Rahvastik
325;9.12.2015;6c26a428-1461-41f9-aefe-7db09157ec54;9.12.2015;et;Lõppkasutaja sertifikaadi väljastamine;Strateegilise kauba vedu;MFA-008;Lõppkasutaja kohustuse kinnitamine, et ta veab Eestisse sisse näidatud väärtuses ja koguses kaupa,  kasutab seda ainult näidatud otstarbel ning ei adresseeri seda ümber  ega vea taas välja ilma eriloata.;Erinõuetega tegevusalad
326;9.12.2015;c65c5bb8-5b78-48f4-8827-a0039c1dd46c;10.12.2015;et;Rahvusvahelise impordisertifikaadi väljastamine;Strateegilise kauba vedu;MFA-009;Kauba omaniku kohutuse kinnitamine, et ta veab Eestisse sisse näidatud väärtuses ja koguses kaupa ega vea seda taas välja ilma eriloata.;Erinõuetega tegevusalad
327;9.12.2015;d192b945-ba46-4ee2-8152-df38004f646c;9.12.2015;et;Kauba kättesaamise tõendi väljastamine;Strateegilise kauba vedu;MFA-010;Kinnituse väljastamine, et kauba saaja on kauba näidatud väärtuses ja koguses Eestis kätte saanud;Erinõuetega tegevusalad
328;9.12.2015;c9f8824b-8848-47d5-b760-12d4a9b2b12d;9.12.2015;et;Tellimustöö;Statistika;STAT-012;Tellimustööna esitatakse detailsemat infot, kui on avaldatud pressiteadetes, statistikaväljaannetes või statistika andmebaasis. ;Statistika
329;9.12.2015;ff0e8ae8-9c8c-422b-b61b-ab54f29db958;9.12.2015;et;Pressiteadete ja väljaannete ilmumise, andmbaasi ja valmistabelite uuenduste teavituse tellimine;Statistika;STAT-013;Infovahetusstandard RSS (Really Simple Syndication) on pidevalt uuenevate uudiste pealkirju või sisu vahendada võimaldav andmevormingukogum: pressiteadete-, väljaannete-, valmistabelite- ja andmebaasi uudisvood.;Statistika
330;9.12.2015;0cf7b3e0-2914-4730-9496-cfa2b8a58018;9.12.2015;et;Kaugpäring;Statistika;STAT-014;Võimaldab Statistikaameti käsutuses olevate konfidentsiaalsete andmete kasutamist statistiliste analüüside tegemiseks selliselt, et on välistatud kasutaja otsene ligipääs konfidentsiaalsetele andmetele.;Statistika
331;9.12.2015;a61347c9-549d-4e6b-be17-071c7b468bab;9.12.2015;et;Statistika avaldamiskalender;Statistika;STAT-015;Statistika avaldamise aegadest teavitab avaldamiskalender, 1. oktoobril avaldatakse avaldamiskalendris järgmise aasta statistika andmebaasi, pressiteadete, avalike andmefailide, IMFi põhinäitajate ja väljaannete avaldamise ajad.;Statistika
332;10.12.2015;ef3b9721-78a4-4dda-b15b-3904785cf3cc;10.12.2015;et;Väikelaeva- ja jetijuhtide väljaõppe korraldamise tegevusloa taotlemine;;VTA-056;Kui soovite tegutseda väikelaeva- ja jetijuhtide väljaõppe korraldamise valdkonnas, siis tuleb taotleda tegevusluba. ;Merendus
333;10.12.2015;9af8936f-d5c9-4f23-8595-3eedf1c8903d;10.12.2015;et;Metsainfo esitamine;;mta-001;Raieõiguse ning metsamaterjali ostu- ja müügitehingute teatis;Raamatupidamine ja aruandlus
334;10.12.2015;3ea5a74e-a5fa-49c8-9b42-66e3855f0a2c;11.12.2015;et;Abielu sõlmimine;Abielu;TMV-001;Abielluda soovijad esitavad perekonnaseisuasutusele isiklikult kohale tulles ühise kirjaliku abiellumisavalduse.;Sotsiaalelu
335;10.12.2015;553060ac-eae0-4b90-a0fc-74a666f97ffa;11.12.2015;et;Abielu lahutamine;Abielu;TMV-002;Perekonnaseisuasutuses võib abielu lahutada abikaasade vastastikusel kokkuleppel ja juhul, kui mõlema abikaasa elukoht on Eestis.;Sotsiaalelu
336;10.12.2015;fcb057f0-b95b-4e5a-b0b6-af218f295d9d;11.12.2015;et;Nime muutmine;;TMV-003;Uue eesnime, perekonnanime või isikunime andmist võivad taotleda Eesti Vabariigi kodanikud ja Eestis alalist elukohta omavad isikud, kes ei ole välisriigi kodanikud.;Sotsiaalelu
337;10.12.2015;d5df001f-08ed-4389-8215-ba47ee964ecc;11.12.2015;et;Sünni registreerimine;Sünd;TMV-004;Lapse seaduslik esindaja (esindajad) esitab ühe kuu jooksul lapse sündimise päevast arvates isiklikult kohale tulles sünni registreerimise avalduse ükskõik millisele perekonnaseisuasutusele (maavalitsus või kohalik omavalitsus).;Rahvastik
338;10.12.2015;d8429c83-83bd-4f88-a5fd-6f0247008f4d;11.12.2015;et;Surma registreerimine;Surm;TMV-005;Surma registreerimine;Rahvastik
339;10.12.2015;cdae2c4c-2de8-48ba-a551-614625993c18;11.12.2015;et;Perekonnaseisuandmete muutmine rahvastikuregistris;;TMV-006;Perekonnaseisuasutus teeb rahvastikuregistris muudatusi, kui selleks on küllaldane alus ja huvitatud isikute vahel ei ole vaidlust.;Rahvastik
340;10.12.2015;45d78f03-6bce-4047-891c-ee09adff8e6e;11.12.2015;et;Perekonnaseisutõendite väljastamine;Abielu;TMV-007;"Rahvastikutoimingute talitus väljastab järgmisi tõendeid: abieluvõime tõend; perekonnasündmuse tõend; perekonnaseisuandmete kinnitatud või kinnitamata väljavõte; rahvastikuregistri väljavõte.";Rahvastik
341;10.12.2015;55b48864-a3a6-4791-8154-7fedda948485;11.12.2015;et;Lapsendamine;Laps;TMV-008;Üldjuhul peab lapsendaja olema vähemalt 25aastane piiramata teovõimega isik. Lapsendajat valides arvestatakse tema isikuomadusi, varalist seisundit ja võimet täita lapsendamissuhtest tulenevaid kohustusi.;Sotsiaalelu
342;10.12.2015;f7aac02b-7d0f-4491-8c88-075279dd1138;11.12.2015;et;Lapsehoiu tegevusloa andmine;Laps;TMV-009;Lapsehoiu- või asenduskoduteenuse  osutamiseks peab olema kõigil teenuse osutajatel (FIE, äriühing, MTÜ, omavalitsuse asutus jt) luba, mille annab asukohajärgne maavalitsus. Luba kantakse majandustegevuse registrisse.;Sotsiaalelu
343;11.12.2015;9be43aa5-1170-4987-832d-28872462ac24;14.12.2015;et;Asenduskodu tegevusloa andmine;;TMV-010;Asenduskodu tegevusloa andmine;Sotsiaalelu
344;11.12.2015;0bd9218b-86cf-452f-8412-b2b9760f1328;14.12.2015;et;Lapse paigutamine riiklikule hoolekandele;Laps;TMV-011;Lastekodusse riiklikule hoolekandele võetakse orvud ja vanemliku hoolitsuseta lapsed. Laps paigutatakse lastekodusse, kui ta on jäänud vanemliku hoolitsuseta ja talle ei ole leitud eestkostjat või hooldajat või teda pole lapsendatud.;Sotsiaalelu
345;11.12.2015;c4b1910c-a48c-4499-a05d-ae988c288ada;14.12.2015;et;Alaealise õigusrikkumise esitamine arutamiseks alaealiste komisjonis;Laps;TMV-012;Alaealiste komisjon arutab alaealiste poolt toime pandud õigusrikkumisi ning rakendab mõjutusvahendeid või taotleb kohtult luba nende kohaldamiseks.;Sotsiaalelu
346;11.12.2015;e7f65f96-1132-4148-bc38-c83244b6230c;14.12.2015;et;Vaiete esitamine ja lahendamine;;TMV-013;Kohaliku omavalitsuse sotsiaalteenuse, -toetuse või muu sotsiaalabi andmise või sellest keeldumise otsuse peale  esitatud vaide menetlemine ;Sotsiaalelu
347;14.12.2015;a599f7cf-fbb5-4596-bd2a-9faf49c9b773;15.12.2015;et;Andmeesitaja- ja tarbijakoolitus;Statistika;STAT-016;Statistika tarbijakoolituse eesmärk on õpetada statistika kasutajat iseseisvalt leidma vajalikku statistikainfot veebilehelt, andmebaasidest, statistikaväljaannetest ja pressiteadetest.;Statistika
348;14.12.2015;df0ef4d1-8017-4379-a50f-d7199087a828;15.12.2015;et;Konsultatsioon andmete esitamise kohta;Statistika;STAT-017;Andmeesitaja klienditoe eesmärk on pakkuda andmeesitajatele konsultatsiooni statistiliste küsimustike täitmise ja edastamise ning Statistikaameti korraldatavate sotsiaaluuringute kohta.;Statistika
349;14.12.2015;4a63af16-d135-4cac-ba7f-a7a7bf2007cc;15.12.2015;et;Konsultatsioon klassifikaatorite kasutamise kohta;Statistika;STAT-018;Konsultatsioon klassifikaatorite kasutamise kohta;Statistika
350;14.12.2015;bb97b50d-520c-4d20-84b5-de376e5180dd;15.12.2015;et;Konsultatsioon Eesti ja Euroopa Liidu riikide statistika kättesaadavuse ja kasutamise kohta;Statistika;STAT-019;Saada konsultatsiooni statistikainfo leidmisel nii Eesti kui ka muude riikide kohta ning veebilehel avaldatud info leidmiseks.;Statistika
351;14.12.2015;826b97fc-8455-49c1-be34-8372a15c96ba;15.12.2015;et;Tarbijahinnaindeksi kalkulaator;Statistika;STAT-020;Tarbijahinnaindeks – indeks, mis iseloomustab tarbekaupade ja tasuliste teenuste hindade muutust.;Statistika
352;14.12.2015;c8e46cd7-c419-46f4-bd46-3e1c5dca43a8;15.12.2015;et;Ostujõu kalkulaator;Statistika;STAT-021;Hindade muutuse tõttu raha ostujõud kasvab või kahaneb. Ostujõu kalkulaator võimaldab võrrelda mistahes rahasumma (sissetulek, palk, säästud jne) ostujõudu erinevatel aastatel.;Statistika
353;14.12.2015;a5909f5f-e22a-44de-b67b-8935ebed7a36;15.12.2015;et;Statistika kaardirakendus;Statistika;STAT-022;Statistika kaardirakendus on asukohapõhise statistika esitamiseks kaartidel, ruumiandmete allalaadimiseks ja ruumipäringute tegemiseks.;Statistika
354;14.12.2015;e3ff7ad3-4c6b-47e0-8a7f-3b5aed6671e6;15.12.2015;et;Säästva  arengu  näitajad;Statistika;STAT-023;Pakkuda ülevaadet Eesti jätkusuutliku arengu kohta, mis lähtub strateegias „Säästev Eesti 21” sätestatud põhieesmärkidest: heaolu kasvu ja sotsiaalse sidususe suurenemine nii, et säiliks Eesti kultuuriruumi elujõulisus ja ökoloogiline tasakaal.;Statistika
355;14.12.2015;f1649682-9312-4dd8-8edc-862aee15804a;15.12.2015;et;Riigi kasuks seatud hüpoteegi kustutamine;;TMV-014;Pärast maa väljaostuvõla ja sellega liidetud muude võlakohustuste ning kõrvalnõuete täielikku rahuldamist võib riigi kasuks hüpoteegiga koormatud kinnisasja omanik taotleda hüpoteegi kustutamist või selle loovutamist kinnisasja omanikule.;Raha ja omand
356;14.12.2015;7cfa19c4-6f5b-4329-8944-fcfdeb03ab65;15.12.2015;et;Riigi kasuks seatud hüpoteegi vähendamine;;TMV-015;Riigi kasuks seatud hüpoteegi vähendamine;Riigi rahandus
357;14.12.2015;249a651f-40d6-44a7-b71d-2dc019a7de36;15.12.2015;et;Riigi kasuks hüpoteegiga koormatud kinnistu jagamine;;TMV-016;Riigi kasuks hüpoteegiga koormatud kinnistu jagamine;Riigi rahandus
358;14.12.2015;b038765e-c86a-49db-a26b-d69b3b7cfd12;15.12.2015;et;Hüpoteegiga koormatud kinnistutel kasvava metsa raieks loa andmine;;TMV-017;Eesti Vabariigi kasuks hüpoteegiga koormatud kinnistutel kasvava metsa raieks loa andmine;Metsandus
359;14.12.2015;9ff2e85d-5b66-47a2-a70d-c7920e00bba8;15.12.2015;et;Riigi kasuks seatud võlakohustuste ülevõtmine;;TMV-018;Seoses kinnistu võõrandamisega, mida koormab riigi kasuks seatud hüpoteek, on vajalik hüpoteegipidaja nõusolek võla ülekandmise kohta.;Riigi kinnisvara
360;14.12.2015;245fd8ed-9fde-4990-a461-d9d9e90b3fd1;15.12.2015;et;Riigimaa ajutiseks kasutamiseks andmine;;TMV-019;Riigi omandis oleva maa ajutiseks kasutamiseks andmine;Riigi rahandus
361;14.12.2015;a4401b24-d337-46be-8917-87a64ccbc9b1;15.12.2015;et;Riigi kasuks seatud võlakohustuste ülevõtmine;;TMV-020;Seoses kinnistu võõrandamisega, mida koormab riigi kasuks seatud hüpoteek, on vajalik hüpoteegipidaja nõusolek võla ülekandmise kohta.;Riigi rahandus
362;14.12.2015;3e87639b-1f5a-43dc-ae75-1a838fdf53b8;15.12.2015;et;Kasutusvaldusse antud maa omandamine;;TMV-021;Kahe aasta möödumisel kasutusvalduse seadmisest (kinnistusraamatusse kandmisest) tekib kasutusvaldajal õigus kasutusvaldusesse antud maa omandada. ;Riigi rahandus
363;14.12.2015;d231e831-319b-47f9-87b9-f9ea9b419986;15.12.2015;et;Kinnisasja omandamine;;TMV-022;Kinnisasja omandamise kitsendamise seadus sätestab avalikust huvist tulenevad ning riigi julgeoleku kaalutlustest lähtuvad kitsendused maatulundusmaa omandamisele.;Riigi rahandus
364;14.12.2015;225a189d-bb37-4af3-8144-5ebe25ac5f6a;15.12.2015;et;Maakonnasisese bussiliiniloa andmine;;TMV-023;Väljastatakse luba, mis tõendab vedaja õigust korraldada kommertsliinivedu loale märgitud liinil.;Transport
365;14.12.2015;af07362e-80e5-4f73-af47-ecf41ef34c32;15.12.2015;et;Veeliikluse piirangute kehtestamine;;TMV-024;Veeliikluse piirangute kehtestamine;Keskkonnakasutus
366;18.12.2015;da7e807a-ad0f-41f9-bdf6-d9ee399fce8a;22.12.2015;et;Loomeliitude andmekogu;Tunnustatud loomeliitudele toetuse eraldamine;KUM-001;Andmebaas tunnustatud loomeliitude üle arvestuse pidamiseks, järelevalve teostamiseks ja toetuse eraldamiseks;Kultuur
367;21.12.2015;dd4eda1b-c448-41ff-bd6a-1bfcd9821f72;21.12.2015;et;Jäätmeloa väljastamine;;KKA-007;Füüsilised või juriidilised isikud, kes soovivad:;Jäätmed
368;21.12.2015;6be4f3d9-252d-4c4c-be61-5b0a1127e397;21.12.2015;et;Välisõhu saasteloa väljastamine;;KKA-008;Füüsilised ja juriidilised isikud, kellel on välisõhu kaitse seadusest tulenev kohustus omada välisõhu saasteluba. Saasteainete heitkogused ja kasutatavate seadmete võimsused, millest alates on nõutav välisõhu saasteluba ja erisaasteluba on välj;Välisõhk
369;21.12.2015;7d40afc9-43aa-4461-bc17-51001a184029;21.12.2015;et;Lõhnaaine vähendamise tegevuskava kinnitamine;;KKA-009;Füüsilised ja juriidilised isikud, kellel on välisõhu kaitse seadusest tulenev kohustus koostada lõhnaaine vähendamise tegevuskava;Välisõhk
370;21.12.2015;250efea3-1186-41f4-a38d-051a456d68d3;21.12.2015;et;Orgaanilisi lahusteid kasutava käitise registreerimistõendi väljastamine;;KKA-010;Füüsilised ja juriidilised isikud, kes kasutavad oma tegevuses orgaanilisi lahusteid ja kellel on tööstusheite seadusest tulenev kohustus omada vastavat registreerimistõendit. ;Välisõhk
371;21.12.2015;b2f8593b-e34d-4a45-87e7-e163475d9f14;21.12.2015;et;Vee erikasutusloa väljastamine;;KKA-011;Füüsiline või juriidiline isik, kellel on veeseadusest tulenev kohustus taotleda planeeritud tegevusteks vee erikasutusluba. ;Vesi
372;21.12.2015;89f634cc-cf67-454e-839f-1d31262938f7;21.12.2015;et;Veekaitsevööndis tööde kooskõlastamine;;KKA-012;füüsilised ja juriidilised isikud, kellel on soov teostada veekaitsevööndis puu- või põõsarinde raiet. ;Vesi
373;21.12.2015;935b557b-ca12-4201-9bcd-670c4d7acc01;21.12.2015;et;Metsateatise esitamine;;KKA-013;Füüsiline või juriidiline isik, kellel on metsa majandamisel metsaseadusega kohustuseks pandud metsateatise esitamine. ;Metsandus
374;22.12.2015;566efc80-d067-4b83-adf2-44de3dd6d90e;22.12.2015;et;Teega seotud andmete  väljastamine;;MA-044;Juurdepääs  Maanteeameti poolt ettevalmistatud avalikult kasutatavate teedega seotud  aruannetele või  aruande koostamine vastavalt kasutaja vajadusele.;Liiklus ja liiklusvahendid
375;22.12.2015;6bd85c9e-2eee-4962-a31b-60f9a1e232be;22.12.2015;et;Avalikult kasutatava ja avalikkusele ligipääsetava eratee registreerimine ja andmete muutmine  teeregistris.;;MA-045;Avalikult kasutatava tee omaniku poolt esitatud teedeandmete õigsuse kontroll ja sisetamine teeregistrisse.  ;Raha ja omand
376;22.12.2015;2d905f3a-9354-4465-8fe2-dff260969da2;22.12.2015;et;Avatud taotlusvoorude korraldamine;;INNO-001;SA Innove vahendab Euroopa Liidu tööelu ja hariduse valdkonna toetusi. Korraldatakse avatud taotlusvoore, nõustatakse toetuse taotlejaid ja toetuse saajaid, korraldatakse toetuste väljamaksmist ja kontrolli, kogutakse ja koostatakse aruandeid.;Haridus
377;22.12.2015;3f727540-e2a8-480d-a3fb-dd0128cab0ed;22.12.2015;et;Karjäärinõustamine noortele;;INNO-002;Toetatakse kuni 26-aastaseid noori teadlike karjääriotsuste tegemisel ja elluviimisel. Nõustamine loob eeldused, et noor suudab paremini analüüsida iseennast ja oma võimalusi ning planeerida ja ellu viia isikliku karjääriplaani.;Noorsootöö
378;22.12.2015;f229aa71-23ca-4fa6-9450-5c9ffdd12c02;22.12.2015;et;Karjäärinõustamise infoloengud õpetajatele ja lapsevanematele;;INNO-003;Vanemnaid ja õpetajaid nõustatakse õpilastele karjääri nõustamisel toeks olema. Selle käigus selgitatakse, kas õpilane vajab näiteks ka psühholoogi, logopeedi, eripedagoogi või sotsiaalpedagoogi abi.;Noorsootöö
379;22.12.2015;2517691a-b79b-461d-976e-7bedd7a286f6;22.12.2015;et;Laste ja kuni 26-aastaste noorte õppenõustamine;;INNO-004;Õppenõustamine on laste, laste seaduslike esindajate ja lastega töötavate isikute nõustamine lapse võimete ja arenguvõimaluste väljaselgitamisel ning õppimise või käitumisega seotud probleemide ennetamisel ning lahendamisel.;Haridus
380;22.12.2015;877ed26f-4b78-4e0b-beb7-4982ad07a255;22.12.2015;et;Rajaleidja portaal;;INNO-005;Rajaleidja portaal on infovärav Rajaleidja keskuste õppe- ja karjäärinõustamisteenuste juurde, mis pakub mitmekülgset teavet õppimise ja karjäärikujundamise kohta. ;Haridus
381;22.12.2015;057a9dd0-ba76-4d5d-ad4d-1f6c3994f4e1;29.12.2015;et;I tasandi tugispetsialisti teenuse osutamine lasteaedadele ja koolidele;;INNO-006;Lasteaiad ja koolid saavad tellida I tasandi psühholoogi, eripedagoogi ja logopeedi teenust. I tasandi teenust osutatakse koolis kohapeal tellitud mahus kogu õppeaasta vältel.;Haridus
382;23.12.2015;21a25f15-cfd6-4b61-86bc-5271ed659b42;29.12.2015;et;Karjäärinõustajate koolitamine;;INNO-007;Karjääriteenuste kvaliteet sõltub olulisel määral teenuse osutajate pädevusest. SA Innove ja Rajaleidja keskused korraldavad karjäärnõustajate koolitusi ja vahendavad õppevisiite Euroopasse.;Töö ja töösuhted
383;23.12.2015;d9e2f755-f934-4905-9d2f-f320ef55fa90;29.12.2015;et;Isikukaart eesti.ee portaalis;;HTM-008;Iga kodanik saab eesti.ee portaalis tutvuda Eesti Hariduse Infosüsteemi (EHIS) andmetega enda kohta.;Haridus
384;23.12.2015;115e2b83-7874-4309-a67a-e5fcf67ba1d2;29.12.2015;et;Vajaduspõhise õppetoetuse taotlemine;Kõrghariduse omandamine;HTM-009;Alates 2013/2014. õppeaastast sisseastunud vähemkindlustatud perekondadest pärit tudengeid toetab riik kõrghariduse omandamisega kaasnevate lisakulude katmisel. Õppetoetuse suurus on 75 kuni 220 eurot kuus. ;Haridus
385;23.12.2015;6e256471-bbce-4022-bd59-ae58496085e7;29.12.2015;et;Interaktiivne Eesti koolide kaart;;HTM-010;Koolikaart võimaldab tutvuda Eesti koolivõrguga.;Haridus
386;23.12.2015;9ebc6ed8-238b-4610-9a9e-c1fd83227fd7;29.12.2015;et;Vajaduspõhise õppetoetuse eritoetuse taotlemine;Kõrghariduse omandamine;HTM-011;Alates 2014/2015. õppeaasta kevadsemestrist on tudengitel võimalik taotleda vajaduspõhist eritoetust 135 eurot kuus. Eritoetus on mõeldud üliõpilastele, kelle sissetulekud on märkimisväärselt vähenenud.;Haridus
387;23.12.2015;d5646614-6a80-4630-9b29-b3c48dd8d118;29.12.2015;et;E-tunnistuse kehtivuse kontroll;;HTM-012;Teenus võimaldab kolmandal osapoolel (sh tööandjal) kontrollida tunnistusel olevate andmete kehtivust ja vajadusel ka tunnistus alla laadida. ;Haridus
388;23.12.2015;0c539242-674d-43cc-bebc-29142f9de825;29.12.2015;et;Tegevus- ja tulemusnäitajate avaldamine ja seire;;HTM-013;Avaldatakse Eesti haridussüsteemi tegevus ja tulemusnäitajaid, mille kogub kokku haridus- ja teadusministeeriumi analüüsiosakond;Haridus
389;29.12.2015;929222ac-953b-46c6-9bc9-e233155993a1;29.12.2015;et;Pensionikindlustuse registri teatis;pension;SKA-011;Isik saab teha päringu oma sotsiaalmaksu ja pensionikindlustuse andmete vaatamiseks  ja kontrollimiseks riiklikus pensionikindlustuse registris.;Rahvastik
390;29.12.2015;17e39330-dcad-451b-85be-a740dba0b7a0;29.12.2015;et;Pensioni, toetuste ja hüvitiste vaatamine;pension, peretoetus, vanemahüvitis;SKA-012;Võimalik vaadata kuu alguse seisuga enda: pensioni, peretoetusi ja vanemahüvitist;Rahvastik
